participant_id,image,rating,type,detail,number,factor
010495e7,natural_medium_2_x2.jpeg,3,natural,medium,2,x2
010495e7,cgi_low_1_x4.jpg,1,cgi,low,1,x4
010495e7,cgi_low_2_x2.jpg,4,cgi,low,2,x2
010495e7,natural_high_2_x2.jpeg,3,natural,high,2,x2
010495e7,natural_medium_1_x2.jpeg,3,natural,medium,1,x2
010495e7,cgi_high_2_x4.jpg,1,cgi,high,2,x4
010495e7,cgi_medium_2_x2.jpg,3,cgi,medium,2,x2
010495e7,ai_high_3_x4.png,2,ai,high,3,x4
010495e7,ai_medium_3_x4.png,2,ai,medium,3,x4
010495e7,ai_medium_3_x2.png,4,ai,medium,3,x2
010495e7,ai_high_1_x4.png,2,ai,high,1,x4
010495e7,ai_low_1_x2.png,4,ai,low,1,x2
010495e7,ai_high_1_x2.png,4,ai,high,1,x2
010495e7,ai_medium_1_x2.png,4,ai,medium,1,x2
010495e7,ai_medium_2_x4.png,2,ai,medium,2,x4
010495e7,cgi_low_1_x2.jpg,4,cgi,low,1,x2
010495e7,cgi_low_3_x4.png,1,cgi,low,3,x4
010495e7,cgi_medium_1_x4.jpeg,1,cgi,medium,1,x4
010495e7,natural_low_2_x2.jpg,4,natural,low,2,x2
010495e7,cgi_high_3_x4.jpg,1,cgi,high,3,x4
010495e7,natural_high_3_x4.jpeg,1,natural,high,3,x4
010495e7,ai_low_2_x2.png,4,ai,low,2,x2
010495e7,ai_medium_2_x2.png,4,ai,medium,2,x2
010495e7,natural_high_2_x4.jpeg,1,natural,high,2,x4
010495e7,ai_low_3_x2.png,5,ai,low,3,x2
010495e7,natural_high_1_x2.jpeg,3,natural,high,1,x2
010495e7,natural_medium_3_x4.jpeg,2,natural,medium,3,x4
010495e7,ai_high_2_x4.png,1,ai,high,2,x4
010495e7,ai_medium_1_x4.png,2,ai,medium,1,x4
010495e7,cgi_high_1_x4.jpeg,2,cgi,high,1,x4
010495e7,ai_low_2_x4.png,3,ai,low,2,x4
010495e7,cgi_high_2_x2.jpg,4,cgi,high,2,x2
010495e7,ai_low_1_x4.png,2,ai,low,1,x4
010495e7,cgi_medium_3_x4.jpg,2,cgi,medium,3,x4
010495e7,natural_medium_3_x2.jpeg,4,natural,medium,3,x2
010495e7,ai_high_3_x2.png,4,ai,high,3,x2
010495e7,natural_medium_1_x4.jpeg,2,natural,medium,1,x4
010495e7,natural_low_1_x4.jpeg,1,natural,low,1,x4
010495e7,cgi_high_3_x2.jpg,3,cgi,high,3,x2
010495e7,natural_low_2_x4.jpg,2,natural,low,2,x4
010495e7,natural_high_3_x2.jpeg,3,natural,high,3,x2
010495e7,ai_high_2_x2.png,3,ai,high,2,x2
010495e7,cgi_high_1_x2.jpeg,3,cgi,high,1,x2
010495e7,cgi_medium_3_x2.jpg,2,cgi,medium,3,x2
010495e7,natural_high_1_x4.jpeg,1,natural,high,1,x4
010495e7,natural_low_3_x4.jpg,1,natural,low,3,x4
010495e7,cgi_low_2_x4.jpg,1,cgi,low,2,x4
010495e7,ai_low_3_x4.png,2,ai,low,3,x4
010495e7,natural_low_1_x2.jpeg,4,natural,low,1,x2
010495e7,natural_medium_2_x4.jpeg,1,natural,medium,2,x4
010495e7,cgi_low_3_x2.png,4,cgi,low,3,x2
010495e7,cgi_medium_1_x2.jpeg,3,cgi,medium,1,x2
010495e7,natural_low_3_x2.jpg,2,natural,low,3,x2
010495e7,cgi_medium_2_x4.jpg,1,cgi,medium,2,x4
0bb12f2a,natural_high_1_x2.jpeg,3,natural,high,1,x2
0bb12f2a,ai_medium_3_x4.png,2,ai,medium,3,x4
0bb12f2a,cgi_low_1_x2.jpg,2,cgi,low,1,x2
0bb12f2a,ai_high_2_x4.png,1,ai,high,2,x4
0bb12f2a,natural_high_1_x4.jpeg,1,natural,high,1,x4
0bb12f2a,cgi_low_1_x4.jpg,1,cgi,low,1,x4
0bb12f2a,natural_low_1_x4.jpeg,2,natural,low,1,x4
0bb12f2a,natural_medium_1_x4.jpeg,1,natural,medium,1,x4
0bb12f2a,ai_high_1_x4.png,2,ai,high,1,x4
0bb12f2a,cgi_high_1_x4.jpeg,1,cgi,high,1,x4
0bb12f2a,natural_medium_2_x2.jpeg,4,natural,medium,2,x2
0bb12f2a,natural_low_3_x4.jpg,3,natural,low,3,x4
0bb12f2a,natural_high_3_x2.jpeg,4,natural,high,3,x2
0bb12f2a,ai_medium_2_x4.png,2,ai,medium,2,x4
0bb12f2a,natural_high_3_x4.jpeg,1,natural,high,3,x4
0bb12f2a,cgi_low_2_x4.jpg,2,cgi,low,2,x4
0bb12f2a,ai_medium_2_x2.png,5,ai,medium,2,x2
0bb12f2a,natural_medium_2_x4.jpeg,2,natural,medium,2,x4
0bb12f2a,ai_medium_3_x2.png,4,ai,medium,3,x2
0bb12f2a,cgi_low_3_x2.png,3,cgi,low,3,x2
0bb12f2a,natural_medium_3_x2.jpeg,4,natural,medium,3,x2
0bb12f2a,ai_medium_1_x4.png,2,ai,medium,1,x4
0bb12f2a,cgi_high_3_x4.jpg,1,cgi,high,3,x4
0bb12f2a,ai_high_3_x2.png,3,ai,high,3,x2
0bb12f2a,ai_high_3_x4.png,1,ai,high,3,x4
0bb12f2a,natural_low_3_x2.jpg,4,natural,low,3,x2
0bb12f2a,cgi_medium_1_x2.jpeg,4,cgi,medium,1,x2
0bb12f2a,ai_low_2_x2.png,5,ai,low,2,x2
0bb12f2a,ai_low_3_x2.png,5,ai,low,3,x2
0bb12f2a,ai_high_2_x2.png,4,ai,high,2,x2
0bb12f2a,ai_high_1_x2.png,4,ai,high,1,x2
0bb12f2a,natural_low_2_x4.jpg,2,natural,low,2,x4
0bb12f2a,cgi_high_2_x2.jpg,2,cgi,high,2,x2
0bb12f2a,natural_high_2_x2.jpeg,3,natural,high,2,x2
0bb12f2a,cgi_low_3_x4.png,1,cgi,low,3,x4
0bb12f2a,cgi_medium_2_x4.jpg,2,cgi,medium,2,x4
0bb12f2a,natural_low_2_x2.jpg,5,natural,low,2,x2
0bb12f2a,cgi_medium_1_x4.jpeg,1,cgi,medium,1,x4
0bb12f2a,cgi_medium_3_x4.jpg,1,cgi,medium,3,x4
0bb12f2a,natural_medium_1_x2.jpeg,4,natural,medium,1,x2
0bb12f2a,ai_low_2_x4.png,3,ai,low,2,x4
0bb12f2a,cgi_low_2_x2.jpg,4,cgi,low,2,x2
0bb12f2a,cgi_high_3_x2.jpg,3,cgi,high,3,x2
0bb12f2a,cgi_medium_3_x2.jpg,3,cgi,medium,3,x2
0bb12f2a,natural_medium_3_x4.jpeg,1,natural,medium,3,x4
0bb12f2a,natural_high_2_x4.jpeg,1,natural,high,2,x4
0bb12f2a,cgi_high_2_x4.jpg,1,cgi,high,2,x4
0bb12f2a,ai_medium_1_x2.png,3,ai,medium,1,x2
0bb12f2a,ai_low_3_x4.png,2,ai,low,3,x4
0bb12f2a,natural_low_1_x2.jpeg,5,natural,low,1,x2
0bb12f2a,cgi_high_1_x2.jpeg,4,cgi,high,1,x2
0bb12f2a,cgi_medium_2_x2.jpg,4,cgi,medium,2,x2
0bb12f2a,ai_low_1_x4.png,2,ai,low,1,x4
0bb12f2a,ai_low_1_x2.png,5,ai,low,1,x2
18de0593,ai_high_2_x2.png,5,ai,high,2,x2
18de0593,ai_high_1_x4.png,3,ai,high,1,x4
18de0593,ai_medium_1_x4.png,2,ai,medium,1,x4
18de0593,cgi_low_2_x2.jpg,4,cgi,low,2,x2
18de0593,cgi_high_2_x4.jpg,1,cgi,high,2,x4
18de0593,natural_medium_1_x4.jpeg,1,natural,medium,1,x4
18de0593,cgi_high_3_x2.jpg,3,cgi,high,3,x2
18de0593,cgi_medium_2_x4.jpg,2,cgi,medium,2,x4
18de0593,natural_high_3_x4.jpeg,1,natural,high,3,x4
18de0593,cgi_medium_1_x4.jpeg,2,cgi,medium,1,x4
18de0593,natural_medium_1_x2.jpeg,4,natural,medium,1,x2
18de0593,ai_low_2_x2.png,5,ai,low,2,x2
18de0593,natural_low_2_x4.jpg,3,natural,low,2,x4
18de0593,cgi_medium_1_x2.jpeg,4,cgi,medium,1,x2
18de0593,cgi_low_1_x2.jpg,4,cgi,low,1,x2
18de0593,cgi_high_3_x4.jpg,1,cgi,high,3,x4
18de0593,ai_high_3_x2.png,5,ai,high,3,x2
18de0593,natural_low_1_x2.jpeg,4,natural,low,1,x2
18de0593,ai_high_2_x4.png,2,ai,high,2,x4
18de0593,ai_high_1_x2.png,5,ai,high,1,x2
18de0593,natural_medium_2_x4.jpeg,2,natural,medium,2,x4
18de0593,natural_high_1_x4.jpeg,2,natural,high,1,x4
18de0593,cgi_high_1_x2.jpeg,4,cgi,high,1,x2
18de0593,natural_low_1_x4.jpeg,2,natural,low,1,x4
18de0593,cgi_low_1_x4.jpg,2,cgi,low,1,x4
18de0593,ai_medium_2_x4.png,2,ai,medium,2,x4
18de0593,ai_medium_3_x2.png,5,ai,medium,3,x2
18de0593,cgi_low_2_x4.jpg,2,cgi,low,2,x4
18de0593,natural_low_3_x2.jpg,4,natural,low,3,x2
18de0593,natural_high_3_x2.jpeg,4,natural,high,3,x2
18de0593,natural_low_2_x2.jpg,5,natural,low,2,x2
18de0593,natural_high_1_x2.jpeg,4,natural,high,1,x2
18de0593,natural_medium_2_x2.jpeg,5,natural,medium,2,x2
18de0593,cgi_low_3_x4.png,1,cgi,low,3,x4
18de0593,natural_medium_3_x4.jpeg,1,natural,medium,3,x4
18de0593,cgi_medium_3_x4.jpg,1,cgi,medium,3,x4
18de0593,cgi_medium_3_x2.jpg,5,cgi,medium,3,x2
18de0593,natural_high_2_x4.jpeg,2,natural,high,2,x4
18de0593,ai_medium_2_x2.png,4,ai,medium,2,x2
18de0593,natural_high_2_x2.jpeg,5,natural,high,2,x2
18de0593,ai_low_1_x2.png,4,ai,low,1,x2
18de0593,cgi_medium_2_x2.jpg,5,cgi,medium,2,x2
18de0593,cgi_high_1_x4.jpeg,2,cgi,high,1,x4
18de0593,ai_low_3_x2.png,5,ai,low,3,x2
18de0593,ai_medium_1_x2.png,5,ai,medium,1,x2
18de0593,ai_medium_3_x4.png,2,ai,medium,3,x4
18de0593,natural_medium_3_x2.jpeg,4,natural,medium,3,x2
18de0593,cgi_low_3_x2.png,4,cgi,low,3,x2
18de0593,ai_low_1_x4.png,2,ai,low,1,x4
18de0593,cgi_high_2_x2.jpg,3,cgi,high,2,x2
18de0593,ai_low_3_x4.png,2,ai,low,3,x4
18de0593,ai_high_3_x4.png,2,ai,high,3,x4
18de0593,natural_low_3_x4.jpg,2,natural,low,3,x4
18de0593,ai_low_2_x4.png,3,ai,low,2,x4
37dd76de,natural_medium_2_x4.jpeg,3,natural,medium,2,x4
37dd76de,ai_medium_3_x4.png,4,ai,medium,3,x4
37dd76de,cgi_low_3_x2.png,4,cgi,low,3,x2
37dd76de,natural_high_3_x4.jpeg,1,natural,high,3,x4
37dd76de,cgi_medium_3_x4.jpg,2,cgi,medium,3,x4
37dd76de,natural_high_3_x2.jpeg,4,natural,high,3,x2
37dd76de,ai_medium_2_x2.png,5,ai,medium,2,x2
37dd76de,cgi_low_1_x2.jpg,5,cgi,low,1,x2
37dd76de,ai_high_2_x2.png,5,ai,high,2,x2
37dd76de,cgi_low_2_x2.jpg,5,cgi,low,2,x2
37dd76de,ai_medium_3_x2.png,5,ai,medium,3,x2
37dd76de,cgi_medium_1_x4.jpeg,2,cgi,medium,1,x4
37dd76de,cgi_high_3_x2.jpg,3,cgi,high,3,x2
37dd76de,ai_medium_2_x4.png,2,ai,medium,2,x4
37dd76de,cgi_low_1_x4.jpg,1,cgi,low,1,x4
37dd76de,natural_high_2_x4.jpeg,1,natural,high,2,x4
37dd76de,natural_medium_2_x2.jpeg,4,natural,medium,2,x2
37dd76de,cgi_high_3_x4.jpg,1,cgi,high,3,x4
37dd76de,natural_low_3_x2.jpg,2,natural,low,3,x2
37dd76de,natural_low_1_x4.jpeg,2,natural,low,1,x4
37dd76de,ai_low_2_x4.png,4,ai,low,2,x4
37dd76de,ai_low_1_x4.png,4,ai,low,1,x4
37dd76de,ai_high_1_x4.png,4,ai,high,1,x4
37dd76de,natural_medium_1_x2.jpeg,5,natural,medium,1,x2
37dd76de,cgi_medium_1_x2.jpeg,5,cgi,medium,1,x2
37dd76de,ai_low_1_x2.png,5,ai,low,1,x2
37dd76de,natural_low_1_x2.jpeg,5,natural,low,1,x2
37dd76de,ai_low_2_x2.png,5,ai,low,2,x2
37dd76de,cgi_medium_2_x2.jpg,4,cgi,medium,2,x2
37dd76de,cgi_high_2_x2.jpg,3,cgi,high,2,x2
37dd76de,ai_high_3_x4.png,3,ai,high,3,x4
37dd76de,ai_high_3_x2.png,5,ai,high,3,x2
37dd76de,natural_low_3_x4.jpg,3,natural,low,3,x4
37dd76de,natural_low_2_x4.jpg,2,natural,low,2,x4
37dd76de,cgi_high_1_x4.jpeg,2,cgi,high,1,x4
37dd76de,cgi_medium_3_x2.jpg,3,cgi,medium,3,x2
37dd76de,natural_medium_1_x4.jpeg,2,natural,medium,1,x4
37dd76de,cgi_high_1_x2.jpeg,4,cgi,high,1,x2
37dd76de,natural_medium_3_x4.jpeg,3,natural,medium,3,x4
37dd76de,ai_high_1_x2.png,5,ai,high,1,x2
37dd76de,natural_high_2_x2.jpeg,4,natural,high,2,x2
37dd76de,cgi_medium_2_x4.jpg,2,cgi,medium,2,x4
37dd76de,cgi_high_2_x4.jpg,1,cgi,high,2,x4
37dd76de,ai_high_2_x4.png,2,ai,high,2,x4
37dd76de,cgi_low_2_x4.jpg,2,cgi,low,2,x4
37dd76de,ai_medium_1_x2.png,5,ai,medium,1,x2
37dd76de,ai_low_3_x4.png,3,ai,low,3,x4
37dd76de,cgi_low_3_x4.png,2,cgi,low,3,x4
37dd76de,natural_low_2_x2.jpg,4,natural,low,2,x2
37dd76de,natural_medium_3_x2.jpeg,4,natural,medium,3,x2
37dd76de,natural_high_1_x2.jpeg,3,natural,high,1,x2
37dd76de,ai_low_3_x2.png,5,ai,low,3,x2
37dd76de,natural_high_1_x4.jpeg,1,natural,high,1,x4
37dd76de,ai_medium_1_x4.png,2,ai,medium,1,x4
40754341,ai_low_3_x2.png,4,ai,low,3,x2
40754341,natural_low_3_x2.jpg,1,natural,low,3,x2
40754341,cgi_medium_1_x2.jpeg,2,cgi,medium,1,x2
40754341,ai_low_3_x4.png,2,ai,low,3,x4
40754341,cgi_high_2_x4.jpg,1,cgi,high,2,x4
40754341,natural_low_3_x4.jpg,1,natural,low,3,x4
40754341,natural_medium_1_x4.jpeg,2,natural,medium,1,x4
40754341,natural_high_1_x2.jpeg,3,natural,high,1,x2
40754341,natural_high_2_x2.jpeg,3,natural,high,2,x2
40754341,natural_low_2_x4.jpg,3,natural,low,2,x4
40754341,ai_high_3_x2.png,4,ai,high,3,x2
40754341,cgi_medium_2_x4.jpg,3,cgi,medium,2,x4
40754341,natural_medium_2_x4.jpeg,2,natural,medium,2,x4
40754341,ai_high_2_x4.png,1,ai,high,2,x4
40754341,cgi_low_3_x4.png,1,cgi,low,3,x4
40754341,natural_high_3_x2.jpeg,4,natural,high,3,x2
40754341,natural_medium_1_x2.jpeg,5,natural,medium,1,x2
40754341,ai_medium_2_x2.png,5,ai,medium,2,x2
40754341,natural_high_3_x4.jpeg,1,natural,high,3,x4
40754341,cgi_low_1_x2.jpg,4,cgi,low,1,x2
40754341,cgi_high_1_x2.jpeg,4,cgi,high,1,x2
40754341,ai_medium_3_x4.png,3,ai,medium,3,x4
40754341,cgi_medium_3_x4.jpg,2,cgi,medium,3,x4
40754341,ai_high_2_x2.png,5,ai,high,2,x2
40754341,ai_medium_2_x4.png,2,ai,medium,2,x4
40754341,natural_medium_3_x2.jpeg,4,natural,medium,3,x2
40754341,natural_low_2_x2.jpg,4,natural,low,2,x2
40754341,natural_high_2_x4.jpeg,2,natural,high,2,x4
40754341,natural_medium_3_x4.jpeg,1,natural,medium,3,x4
40754341,ai_low_1_x2.png,3,ai,low,1,x2
40754341,cgi_medium_1_x4.jpeg,1,cgi,medium,1,x4
40754341,cgi_low_3_x2.png,3,cgi,low,3,x2
40754341,natural_low_1_x2.jpeg,2,natural,low,1,x2
40754341,ai_low_2_x4.png,2,ai,low,2,x4
40754341,natural_medium_2_x2.jpeg,4,natural,medium,2,x2
40754341,ai_medium_1_x4.png,3,ai,medium,1,x4
40754341,cgi_low_2_x4.jpg,2,cgi,low,2,x4
40754341,ai_low_2_x2.png,4,ai,low,2,x2
40754341,ai_medium_1_x2.png,5,ai,medium,1,x2
40754341,cgi_high_2_x2.jpg,4,cgi,high,2,x2
40754341,natural_high_1_x4.jpeg,1,natural,high,1,x4
40754341,cgi_medium_3_x2.jpg,3,cgi,medium,3,x2
40754341,natural_low_1_x4.jpeg,1,natural,low,1,x4
40754341,cgi_high_3_x4.jpg,1,cgi,high,3,x4
40754341,cgi_high_1_x4.jpeg,1,cgi,high,1,x4
40754341,ai_low_1_x4.png,1,ai,low,1,x4
40754341,cgi_low_1_x4.jpg,1,cgi,low,1,x4
40754341,ai_high_1_x2.png,3,ai,high,1,x2
40754341,cgi_medium_2_x2.jpg,5,cgi,medium,2,x2
40754341,ai_high_1_x4.png,2,ai,high,1,x4
40754341,ai_medium_3_x2.png,5,ai,medium,3,x2
40754341,cgi_high_3_x2.jpg,4,cgi,high,3,x2
40754341,cgi_low_2_x2.jpg,5,cgi,low,2,x2
40754341,ai_high_3_x4.png,2,ai,high,3,x4
42e3ccfa,ai_low_3_x2.png,5,ai,low,3,x2
42e3ccfa,natural_low_3_x4.jpg,2,natural,low,3,x4
42e3ccfa,cgi_high_3_x4.jpg,1,cgi,high,3,x4
42e3ccfa,natural_high_1_x4.jpeg,1,natural,high,1,x4
42e3ccfa,ai_low_2_x4.png,3,ai,low,2,x4
42e3ccfa,natural_low_1_x2.jpeg,5,natural,low,1,x2
42e3ccfa,ai_medium_2_x4.png,4,ai,medium,2,x4
42e3ccfa,cgi_high_3_x2.jpg,4,cgi,high,3,x2
42e3ccfa,natural_low_1_x4.jpeg,3,natural,low,1,x4
42e3ccfa,natural_medium_1_x2.jpeg,4,natural,medium,1,x2
42e3ccfa,natural_high_2_x4.jpeg,2,natural,high,2,x4
42e3ccfa,cgi_medium_1_x4.jpeg,1,cgi,medium,1,x4
42e3ccfa,ai_low_1_x4.png,3,ai,low,1,x4
42e3ccfa,cgi_low_3_x4.png,2,cgi,low,3,x4
42e3ccfa,ai_high_1_x2.png,5,ai,high,1,x2
42e3ccfa,ai_medium_2_x2.png,5,ai,medium,2,x2
42e3ccfa,natural_low_3_x2.jpg,4,natural,low,3,x2
42e3ccfa,cgi_low_1_x4.jpg,1,cgi,low,1,x4
42e3ccfa,natural_low_2_x4.jpg,3,natural,low,2,x4
42e3ccfa,natural_medium_1_x4.jpeg,2,natural,medium,1,x4
42e3ccfa,ai_medium_3_x2.png,5,ai,medium,3,x2
42e3ccfa,cgi_medium_3_x4.jpg,2,cgi,medium,3,x4
42e3ccfa,cgi_low_1_x2.jpg,5,cgi,low,1,x2
42e3ccfa,cgi_high_2_x2.jpg,5,cgi,high,2,x2
42e3ccfa,natural_medium_3_x2.jpeg,4,natural,medium,3,x2
42e3ccfa,ai_medium_1_x2.png,5,ai,medium,1,x2
42e3ccfa,cgi_medium_2_x2.jpg,5,cgi,medium,2,x2
42e3ccfa,cgi_low_3_x2.png,3,cgi,low,3,x2
42e3ccfa,natural_high_1_x2.jpeg,4,natural,high,1,x2
42e3ccfa,ai_low_1_x2.png,4,ai,low,1,x2
42e3ccfa,cgi_high_1_x2.jpeg,4,cgi,high,1,x2
42e3ccfa,natural_medium_3_x4.jpeg,3,natural,medium,3,x4
42e3ccfa,cgi_medium_3_x2.jpg,2,cgi,medium,3,x2
42e3ccfa,ai_high_1_x4.png,2,ai,high,1,x4
42e3ccfa,natural_low_2_x2.jpg,4,natural,low,2,x2
42e3ccfa,cgi_low_2_x4.jpg,2,cgi,low,2,x4
42e3ccfa,ai_medium_3_x4.png,3,ai,medium,3,x4
42e3ccfa,natural_high_2_x2.jpeg,5,natural,high,2,x2
42e3ccfa,ai_medium_1_x4.png,3,ai,medium,1,x4
42e3ccfa,ai_high_2_x4.png,1,ai,high,2,x4
42e3ccfa,cgi_medium_2_x4.jpg,1,cgi,medium,2,x4
42e3ccfa,natural_medium_2_x4.jpeg,1,natural,medium,2,x4
42e3ccfa,ai_high_3_x4.png,2,ai,high,3,x4
42e3ccfa,cgi_medium_1_x2.jpeg,5,cgi,medium,1,x2
42e3ccfa,ai_low_3_x4.png,3,ai,low,3,x4
42e3ccfa,natural_high_3_x4.jpeg,1,natural,high,3,x4
42e3ccfa,natural_high_3_x2.jpeg,1,natural,high,3,x2
42e3ccfa,cgi_low_2_x2.jpg,3,cgi,low,2,x2
42e3ccfa,cgi_high_2_x4.jpg,2,cgi,high,2,x4
42e3ccfa,natural_medium_2_x2.jpeg,4,natural,medium,2,x2
42e3ccfa,ai_low_2_x2.png,4,ai,low,2,x2
42e3ccfa,cgi_high_1_x4.jpeg,3,cgi,high,1,x4
42e3ccfa,ai_high_2_x2.png,4,ai,high,2,x2
42e3ccfa,ai_high_3_x2.png,5,ai,high,3,x2
462f6d13,natural_high_1_x4.jpeg,1,natural,high,1,x4
462f6d13,ai_medium_3_x4.png,2,ai,medium,3,x4
462f6d13,natural_low_3_x2.jpg,3,natural,low,3,x2
462f6d13,ai_high_1_x2.png,4,ai,high,1,x2
462f6d13,natural_medium_1_x2.jpeg,4,natural,medium,1,x2
462f6d13,natural_medium_2_x4.jpeg,2,natural,medium,2,x4
462f6d13,cgi_low_2_x4.jpg,2,cgi,low,2,x4
462f6d13,cgi_medium_1_x2.jpeg,4,cgi,medium,1,x2
462f6d13,natural_high_3_x2.jpeg,4,natural,high,3,x2
462f6d13,ai_high_2_x2.png,4,ai,high,2,x2
462f6d13,cgi_high_1_x4.jpeg,3,cgi,high,1,x4
462f6d13,natural_high_2_x2.jpeg,4,natural,high,2,x2
462f6d13,ai_medium_2_x4.png,2,ai,medium,2,x4
462f6d13,ai_high_1_x4.png,3,ai,high,1,x4
462f6d13,cgi_medium_3_x4.jpg,2,cgi,medium,3,x4
462f6d13,ai_low_3_x4.png,3,ai,low,3,x4
462f6d13,ai_low_1_x4.png,3,ai,low,1,x4
462f6d13,ai_low_2_x4.png,3,ai,low,2,x4
462f6d13,cgi_high_1_x2.jpeg,5,cgi,high,1,x2
462f6d13,cgi_low_1_x4.jpg,2,cgi,low,1,x4
462f6d13,cgi_high_2_x2.jpg,4,cgi,high,2,x2
462f6d13,ai_medium_2_x2.png,5,ai,medium,2,x2
462f6d13,ai_low_1_x2.png,5,ai,low,1,x2
462f6d13,natural_low_1_x4.jpeg,3,natural,low,1,x4
462f6d13,cgi_low_3_x2.png,5,cgi,low,3,x2
462f6d13,ai_high_3_x4.png,2,ai,high,3,x4
462f6d13,ai_low_3_x2.png,5,ai,low,3,x2
462f6d13,natural_low_2_x4.jpg,4,natural,low,2,x4
462f6d13,cgi_high_2_x4.jpg,3,cgi,high,2,x4
462f6d13,natural_high_2_x4.jpeg,2,natural,high,2,x4
462f6d13,ai_medium_1_x4.png,2,ai,medium,1,x4
462f6d13,cgi_low_1_x2.jpg,4,cgi,low,1,x2
462f6d13,natural_medium_3_x2.jpeg,4,natural,medium,3,x2
462f6d13,cgi_medium_3_x2.jpg,4,cgi,medium,3,x2
462f6d13,natural_medium_1_x4.jpeg,2,natural,medium,1,x4
462f6d13,natural_high_1_x2.jpeg,5,natural,high,1,x2
462f6d13,ai_medium_3_x2.png,5,ai,medium,3,x2
462f6d13,ai_medium_1_x2.png,5,ai,medium,1,x2
462f6d13,natural_medium_2_x2.jpeg,4,natural,medium,2,x2
462f6d13,natural_low_2_x2.jpg,4,natural,low,2,x2
462f6d13,cgi_high_3_x2.jpg,3,cgi,high,3,x2
462f6d13,cgi_medium_2_x4.jpg,2,cgi,medium,2,x4
462f6d13,ai_low_2_x2.png,5,ai,low,2,x2
462f6d13,cgi_low_3_x4.png,4,cgi,low,3,x4
462f6d13,natural_medium_3_x4.jpeg,3,natural,medium,3,x4
462f6d13,natural_low_1_x2.jpeg,5,natural,low,1,x2
462f6d13,cgi_high_3_x4.jpg,2,cgi,high,3,x4
462f6d13,cgi_medium_1_x4.jpeg,3,cgi,medium,1,x4
462f6d13,natural_high_3_x4.jpeg,2,natural,high,3,x4
462f6d13,ai_high_3_x2.png,5,ai,high,3,x2
462f6d13,cgi_medium_2_x2.jpg,5,cgi,medium,2,x2
462f6d13,natural_low_3_x4.jpg,4,natural,low,3,x4
462f6d13,ai_high_2_x4.png,1,ai,high,2,x4
462f6d13,cgi_low_2_x2.jpg,4,cgi,low,2,x2
48a9b298,cgi_high_1_x4.jpeg,1,cgi,high,1,x4
48a9b298,ai_medium_2_x4.png,3,ai,medium,2,x4
48a9b298,natural_low_2_x4.jpg,3,natural,low,2,x4
48a9b298,natural_low_3_x2.jpg,3,natural,low,3,x2
48a9b298,cgi_medium_3_x4.jpg,2,cgi,medium,3,x4
48a9b298,cgi_low_2_x4.jpg,2,cgi,low,2,x4
48a9b298,cgi_medium_2_x4.jpg,3,cgi,medium,2,x4
48a9b298,cgi_low_2_x2.jpg,4,cgi,low,2,x2
48a9b298,natural_medium_1_x2.jpeg,3,natural,medium,1,x2
48a9b298,cgi_high_2_x4.jpg,2,cgi,high,2,x4
48a9b298,natural_medium_2_x4.jpeg,2,natural,medium,2,x4
48a9b298,ai_medium_3_x4.png,3,ai,medium,3,x4
48a9b298,cgi_low_3_x4.png,3,cgi,low,3,x4
48a9b298,natural_low_2_x2.jpg,4,natural,low,2,x2
48a9b298,natural_high_1_x4.jpeg,1,natural,high,1,x4
48a9b298,ai_high_2_x4.png,1,ai,high,2,x4
48a9b298,ai_medium_3_x2.png,5,ai,medium,3,x2
48a9b298,natural_high_2_x4.jpeg,2,natural,high,2,x4
48a9b298,ai_low_1_x2.png,4,ai,low,1,x2
48a9b298,natural_high_3_x2.jpeg,4,natural,high,3,x2
48a9b298,ai_high_3_x2.png,4,ai,high,3,x2
48a9b298,cgi_high_1_x2.jpeg,4,cgi,high,1,x2
48a9b298,natural_medium_3_x2.jpeg,3,natural,medium,3,x2
48a9b298,cgi_medium_1_x4.jpeg,1,cgi,medium,1,x4
48a9b298,natural_high_2_x2.jpeg,4,natural,high,2,x2
48a9b298,natural_low_1_x2.jpeg,4,natural,low,1,x2
48a9b298,ai_medium_2_x2.png,4,ai,medium,2,x2
48a9b298,cgi_low_1_x4.jpg,2,cgi,low,1,x4
48a9b298,ai_high_2_x2.png,3,ai,high,2,x2
48a9b298,ai_high_1_x4.png,2,ai,high,1,x4
48a9b298,ai_low_2_x2.png,4,ai,low,2,x2
48a9b298,cgi_high_2_x2.jpg,4,cgi,high,2,x2
48a9b298,ai_low_1_x4.png,2,ai,low,1,x4
48a9b298,cgi_medium_3_x2.jpg,2,cgi,medium,3,x2
48a9b298,ai_high_3_x4.png,2,ai,high,3,x4
48a9b298,ai_medium_1_x4.png,2,ai,medium,1,x4
48a9b298,cgi_high_3_x4.jpg,1,cgi,high,3,x4
48a9b298,ai_low_2_x4.png,2,ai,low,2,x4
48a9b298,cgi_high_3_x2.jpg,2,cgi,high,3,x2
48a9b298,cgi_low_1_x2.jpg,1,cgi,low,1,x2
48a9b298,ai_low_3_x2.png,4,ai,low,3,x2
48a9b298,natural_low_3_x4.jpg,2,natural,low,3,x4
48a9b298,natural_medium_1_x4.jpeg,1,natural,medium,1,x4
48a9b298,ai_medium_1_x2.png,4,ai,medium,1,x2
48a9b298,ai_high_1_x2.png,4,ai,high,1,x2
48a9b298,natural_high_1_x2.jpeg,2,natural,high,1,x2
48a9b298,ai_low_3_x4.png,2,ai,low,3,x4
48a9b298,natural_medium_2_x2.jpeg,2,natural,medium,2,x2
48a9b298,cgi_medium_2_x2.jpg,4,cgi,medium,2,x2
48a9b298,cgi_medium_1_x2.jpeg,3,cgi,medium,1,x2
48a9b298,natural_medium_3_x4.jpeg,2,natural,medium,3,x4
48a9b298,natural_high_3_x4.jpeg,1,natural,high,3,x4
48a9b298,natural_low_1_x4.jpeg,1,natural,low,1,x4
48a9b298,cgi_low_3_x2.png,3,cgi,low,3,x2
6c3f54a4,ai_low_1_x2.png,3,ai,low,1,x2
6c3f54a4,ai_medium_1_x4.png,2,ai,medium,1,x4
6c3f54a4,cgi_high_2_x2.jpg,4,cgi,high,2,x2
6c3f54a4,ai_low_3_x2.png,3,ai,low,3,x2
6c3f54a4,cgi_medium_3_x4.jpg,1,cgi,medium,3,x4
6c3f54a4,natural_low_3_x4.jpg,2,natural,low,3,x4
6c3f54a4,natural_medium_1_x2.jpeg,3,natural,medium,1,x2
6c3f54a4,natural_high_2_x4.jpeg,1,natural,high,2,x4
6c3f54a4,natural_low_1_x2.jpeg,3,natural,low,1,x2
6c3f54a4,natural_medium_3_x4.jpeg,1,natural,medium,3,x4
6c3f54a4,natural_high_1_x2.jpeg,4,natural,high,1,x2
6c3f54a4,cgi_high_3_x2.jpg,4,cgi,high,3,x2
6c3f54a4,ai_medium_2_x2.png,2,ai,medium,2,x2
6c3f54a4,cgi_low_2_x2.jpg,3,cgi,low,2,x2
6c3f54a4,ai_low_3_x4.png,2,ai,low,3,x4
6c3f54a4,cgi_medium_2_x4.jpg,2,cgi,medium,2,x4
6c3f54a4,ai_low_2_x2.png,2,ai,low,2,x2
6c3f54a4,natural_low_3_x2.jpg,1,natural,low,3,x2
6c3f54a4,ai_high_2_x4.png,2,ai,high,2,x4
6c3f54a4,natural_low_2_x2.jpg,3,natural,low,2,x2
6c3f54a4,natural_high_2_x2.jpeg,2,natural,high,2,x2
6c3f54a4,cgi_high_1_x4.jpeg,1,cgi,high,1,x4
6c3f54a4,ai_medium_2_x4.png,2,ai,medium,2,x4
6c3f54a4,natural_high_1_x4.jpeg,2,natural,high,1,x4
6c3f54a4,cgi_low_2_x4.jpg,2,cgi,low,2,x4
6c3f54a4,cgi_medium_1_x2.jpeg,3,cgi,medium,1,x2
6c3f54a4,cgi_medium_3_x2.jpg,4,cgi,medium,3,x2
6c3f54a4,natural_high_3_x2.jpeg,4,natural,high,3,x2
6c3f54a4,cgi_medium_1_x4.jpeg,1,cgi,medium,1,x4
6c3f54a4,ai_high_2_x2.png,4,ai,high,2,x2
6c3f54a4,cgi_low_1_x2.jpg,4,cgi,low,1,x2
6c3f54a4,natural_medium_1_x4.jpeg,2,natural,medium,1,x4
6c3f54a4,natural_medium_2_x4.jpeg,1,natural,medium,2,x4
6c3f54a4,cgi_medium_2_x2.jpg,4,cgi,medium,2,x2
6c3f54a4,ai_low_1_x4.png,2,ai,low,1,x4
6c3f54a4,ai_medium_3_x2.png,3,ai,medium,3,x2
6c3f54a4,ai_medium_3_x4.png,2,ai,medium,3,x4
6c3f54a4,cgi_high_1_x2.jpeg,4,cgi,high,1,x2
6c3f54a4,ai_high_3_x2.png,3,ai,high,3,x2
6c3f54a4,cgi_low_1_x4.jpg,2,cgi,low,1,x4
6c3f54a4,ai_high_3_x4.png,1,ai,high,3,x4
6c3f54a4,ai_medium_1_x2.png,4,ai,medium,1,x2
6c3f54a4,cgi_low_3_x4.png,2,cgi,low,3,x4
6c3f54a4,natural_low_2_x4.jpg,2,natural,low,2,x4
6c3f54a4,ai_low_2_x4.png,2,ai,low,2,x4
6c3f54a4,ai_high_1_x2.png,3,ai,high,1,x2
6c3f54a4,natural_medium_3_x2.jpeg,4,natural,medium,3,x2
6c3f54a4,cgi_low_3_x2.png,3,cgi,low,3,x2
6c3f54a4,natural_medium_2_x2.jpeg,3,natural,medium,2,x2
6c3f54a4,natural_low_1_x4.jpeg,2,natural,low,1,x4
6c3f54a4,natural_high_3_x4.jpeg,1,natural,high,3,x4
6c3f54a4,cgi_high_2_x4.jpg,2,cgi,high,2,x4
6c3f54a4,cgi_high_3_x4.jpg,1,cgi,high,3,x4
6c3f54a4,ai_high_1_x4.png,2,ai,high,1,x4
78d824fa,natural_high_3_x2.jpeg,2,natural,high,3,x2
78d824fa,natural_medium_1_x4.jpeg,1,natural,medium,1,x4
78d824fa,ai_high_3_x4.png,2,ai,high,3,x4
78d824fa,cgi_medium_1_x2.jpeg,2,cgi,medium,1,x2
78d824fa,natural_low_2_x4.jpg,1,natural,low,2,x4
78d824fa,natural_medium_1_x2.jpeg,3,natural,medium,1,x2
78d824fa,natural_low_3_x4.jpg,1,natural,low,3,x4
78d824fa,ai_low_2_x4.png,2,ai,low,2,x4
78d824fa,natural_high_3_x4.jpeg,1,natural,high,3,x4
78d824fa,cgi_low_3_x4.png,1,cgi,low,3,x4
78d824fa,cgi_medium_3_x4.jpg,2,cgi,medium,3,x4
78d824fa,cgi_low_1_x4.jpg,1,cgi,low,1,x4
78d824fa,cgi_high_2_x4.jpg,2,cgi,high,2,x4
78d824fa,cgi_high_3_x2.jpg,2,cgi,high,3,x2
78d824fa,cgi_high_2_x2.jpg,3,cgi,high,2,x2
78d824fa,cgi_high_1_x4.jpeg,2,cgi,high,1,x4
78d824fa,ai_medium_3_x4.png,2,ai,medium,3,x4
78d824fa,natural_low_3_x2.jpg,2,natural,low,3,x2
78d824fa,cgi_high_3_x4.jpg,2,cgi,high,3,x4
78d824fa,cgi_medium_2_x2.jpg,4,cgi,medium,2,x2
78d824fa,cgi_high_1_x2.jpeg,4,cgi,high,1,x2
78d824fa,ai_low_2_x2.png,5,ai,low,2,x2
78d824fa,natural_high_2_x2.jpeg,3,natural,high,2,x2
78d824fa,cgi_medium_1_x4.jpeg,2,cgi,medium,1,x4
78d824fa,ai_medium_3_x2.png,4,ai,medium,3,x2
78d824fa,ai_medium_2_x4.png,2,ai,medium,2,x4
78d824fa,natural_low_2_x2.jpg,5,natural,low,2,x2
78d824fa,ai_medium_1_x2.png,4,ai,medium,1,x2
78d824fa,cgi_low_1_x2.jpg,3,cgi,low,1,x2
78d824fa,ai_medium_2_x2.png,4,ai,medium,2,x2
78d824fa,ai_high_2_x2.png,3,ai,high,2,x2
78d824fa,natural_high_2_x4.jpeg,1,natural,high,2,x4
78d824fa,cgi_low_2_x4.jpg,1,cgi,low,2,x4
78d824fa,ai_medium_1_x4.png,3,ai,medium,1,x4
78d824fa,ai_high_1_x4.png,3,ai,high,1,x4
78d824fa,ai_low_3_x4.png,3,ai,low,3,x4
78d824fa,ai_high_3_x2.png,4,ai,high,3,x2
78d824fa,ai_low_1_x4.png,3,ai,low,1,x4
78d824fa,ai_low_1_x2.png,4,ai,low,1,x2
78d824fa,cgi_low_3_x2.png,4,cgi,low,3,x2
78d824fa,natural_low_1_x4.jpeg,2,natural,low,1,x4
78d824fa,ai_high_2_x4.png,1,ai,high,2,x4
78d824fa,natural_high_1_x4.jpeg,1,natural,high,1,x4
78d824fa,natural_medium_3_x2.jpeg,4,natural,medium,3,x2
78d824fa,ai_high_1_x2.png,4,ai,high,1,x2
78d824fa,natural_high_1_x2.jpeg,3,natural,high,1,x2
78d824fa,ai_low_3_x2.png,4,ai,low,3,x2
78d824fa,cgi_medium_2_x4.jpg,2,cgi,medium,2,x4
78d824fa,natural_medium_3_x4.jpeg,1,natural,medium,3,x4
78d824fa,natural_medium_2_x2.jpeg,2,natural,medium,2,x2
78d824fa,natural_low_1_x2.jpeg,3,natural,low,1,x2
78d824fa,cgi_low_2_x2.jpg,2,cgi,low,2,x2
78d824fa,natural_medium_2_x4.jpeg,1,natural,medium,2,x4
78d824fa,cgi_medium_3_x2.jpg,3,cgi,medium,3,x2
8034b667,natural_low_2_x4.jpg,3,natural,low,2,x4
8034b667,ai_medium_2_x2.png,4,ai,medium,2,x2
8034b667,ai_medium_3_x2.png,4,ai,medium,3,x2
8034b667,cgi_high_2_x2.jpg,5,cgi,high,2,x2
8034b667,ai_low_2_x2.png,4,ai,low,2,x2
8034b667,ai_high_2_x2.png,3,ai,high,2,x2
8034b667,cgi_low_2_x2.jpg,4,cgi,low,2,x2
8034b667,natural_medium_2_x2.jpeg,4,natural,medium,2,x2
8034b667,cgi_high_3_x4.jpg,2,cgi,high,3,x4
8034b667,natural_high_3_x4.jpeg,2,natural,high,3,x4
8034b667,ai_medium_3_x4.png,3,ai,medium,3,x4
8034b667,ai_high_1_x2.png,4,ai,high,1,x2
8034b667,ai_low_3_x2.png,4,ai,low,3,x2
8034b667,cgi_low_1_x2.jpg,4,cgi,low,1,x2
8034b667,cgi_medium_1_x4.jpeg,2,cgi,medium,1,x4
8034b667,cgi_high_3_x2.jpg,4,cgi,high,3,x2
8034b667,natural_high_3_x2.jpeg,4,natural,high,3,x2
8034b667,ai_medium_1_x4.png,3,ai,medium,1,x4
8034b667,natural_high_2_x4.jpeg,2,natural,high,2,x4
8034b667,ai_medium_1_x2.png,4,ai,medium,1,x2
8034b667,natural_low_2_x2.jpg,4,natural,low,2,x2
8034b667,natural_medium_2_x4.jpeg,2,natural,medium,2,x4
8034b667,cgi_medium_1_x2.jpeg,3,cgi,medium,1,x2
8034b667,cgi_medium_2_x2.jpg,4,cgi,medium,2,x2
8034b667,ai_low_2_x4.png,3,ai,low,2,x4
8034b667,natural_high_2_x2.jpeg,4,natural,high,2,x2
8034b667,ai_low_1_x4.png,3,ai,low,1,x4
8034b667,ai_high_2_x4.png,2,ai,high,2,x4
8034b667,cgi_low_1_x4.jpg,2,cgi,low,1,x4
8034b667,cgi_low_3_x4.png,2,cgi,low,3,x4
8034b667,ai_low_3_x4.png,3,ai,low,3,x4
8034b667,natural_low_1_x4.jpeg,2,natural,low,1,x4
8034b667,natural_low_3_x4.jpg,1,natural,low,3,x4
8034b667,cgi_high_2_x4.jpg,2,cgi,high,2,x4
8034b667,ai_high_3_x2.png,4,ai,high,3,x2
8034b667,cgi_medium_3_x4.jpg,2,cgi,medium,3,x4
8034b667,natural_medium_1_x2.jpeg,4,natural,medium,1,x2
8034b667,ai_low_1_x2.png,4,ai,low,1,x2
8034b667,natural_low_3_x2.jpg,1,natural,low,3,x2
8034b667,natural_high_1_x4.jpeg,2,natural,high,1,x4
8034b667,cgi_low_2_x4.jpg,3,cgi,low,2,x4
8034b667,natural_medium_1_x4.jpeg,3,natural,medium,1,x4
8034b667,cgi_low_3_x2.png,3,cgi,low,3,x2
8034b667,natural_high_1_x2.jpeg,4,natural,high,1,x2
8034b667,natural_low_1_x2.jpeg,3,natural,low,1,x2
8034b667,cgi_high_1_x2.jpeg,4,cgi,high,1,x2
8034b667,cgi_high_1_x4.jpeg,3,cgi,high,1,x4
8034b667,ai_medium_2_x4.png,3,ai,medium,2,x4
8034b667,ai_high_1_x4.png,3,ai,high,1,x4
8034b667,cgi_medium_2_x4.jpg,3,cgi,medium,2,x4
8034b667,natural_medium_3_x4.jpeg,3,natural,medium,3,x4
8034b667,natural_medium_3_x2.jpeg,4,natural,medium,3,x2
8034b667,ai_high_3_x4.png,3,ai,high,3,x4
8034b667,cgi_medium_3_x2.jpg,3,cgi,medium,3,x2
86b9f945,cgi_low_2_x2.jpg,4,cgi,low,2,x2
86b9f945,natural_medium_3_x2.jpeg,3,natural,medium,3,x2
86b9f945,ai_low_3_x2.png,3,ai,low,3,x2
86b9f945,cgi_high_1_x4.jpeg,2,cgi,high,1,x4
86b9f945,natural_medium_3_x4.jpeg,2,natural,medium,3,x4
86b9f945,cgi_medium_3_x4.jpg,2,cgi,medium,3,x4
86b9f945,natural_high_2_x2.jpeg,3,natural,high,2,x2
86b9f945,natural_high_1_x2.jpeg,4,natural,high,1,x2
86b9f945,natural_high_1_x4.jpeg,2,natural,high,1,x4
86b9f945,ai_low_2_x2.png,4,ai,low,2,x2
86b9f945,natural_low_3_x4.jpg,3,natural,low,3,x4
86b9f945,cgi_medium_2_x4.jpg,2,cgi,medium,2,x4
86b9f945,cgi_high_3_x4.jpg,2,cgi,high,3,x4
86b9f945,cgi_medium_3_x2.jpg,3,cgi,medium,3,x2
86b9f945,natural_low_2_x2.jpg,5,natural,low,2,x2
86b9f945,cgi_high_2_x2.jpg,5,cgi,high,2,x2
86b9f945,ai_low_3_x4.png,2,ai,low,3,x4
86b9f945,natural_medium_2_x4.jpeg,1,natural,medium,2,x4
86b9f945,ai_low_2_x4.png,3,ai,low,2,x4
86b9f945,cgi_low_1_x4.jpg,2,cgi,low,1,x4
86b9f945,ai_medium_3_x2.png,4,ai,medium,3,x2
86b9f945,cgi_low_3_x2.png,3,cgi,low,3,x2
86b9f945,ai_high_2_x4.png,2,ai,high,2,x4
86b9f945,natural_low_3_x2.jpg,5,natural,low,3,x2
86b9f945,ai_high_1_x4.png,2,ai,high,1,x4
86b9f945,ai_high_1_x2.png,5,ai,high,1,x2
86b9f945,ai_high_3_x4.png,3,ai,high,3,x4
86b9f945,natural_medium_1_x2.jpeg,4,natural,medium,1,x2
86b9f945,cgi_medium_1_x4.jpeg,2,cgi,medium,1,x4
86b9f945,natural_low_2_x4.jpg,2,natural,low,2,x4
86b9f945,ai_medium_3_x4.png,2,ai,medium,3,x4
86b9f945,cgi_low_1_x2.jpg,4,cgi,low,1,x2
86b9f945,ai_medium_2_x2.png,4,ai,medium,2,x2
86b9f945,natural_high_2_x4.jpeg,2,natural,high,2,x4
86b9f945,cgi_high_3_x2.jpg,5,cgi,high,3,x2
86b9f945,cgi_high_2_x4.jpg,2,cgi,high,2,x4
86b9f945,natural_medium_2_x2.jpeg,4,natural,medium,2,x2
86b9f945,cgi_low_2_x4.jpg,2,cgi,low,2,x4
86b9f945,ai_low_1_x2.png,4,ai,low,1,x2
86b9f945,cgi_medium_1_x2.jpeg,3,cgi,medium,1,x2
86b9f945,natural_high_3_x2.jpeg,3,natural,high,3,x2
86b9f945,ai_high_2_x2.png,4,ai,high,2,x2
86b9f945,cgi_high_1_x2.jpeg,4,cgi,high,1,x2
86b9f945,ai_low_1_x4.png,3,ai,low,1,x4
86b9f945,natural_low_1_x4.jpeg,1,natural,low,1,x4
86b9f945,ai_medium_2_x4.png,2,ai,medium,2,x4
86b9f945,natural_high_3_x4.jpeg,2,natural,high,3,x4
86b9f945,ai_medium_1_x4.png,3,ai,medium,1,x4
86b9f945,natural_medium_1_x4.jpeg,2,natural,medium,1,x4
86b9f945,ai_medium_1_x2.png,4,ai,medium,1,x2
86b9f945,ai_high_3_x2.png,4,ai,high,3,x2
86b9f945,cgi_low_3_x4.png,2,cgi,low,3,x4
86b9f945,cgi_medium_2_x2.jpg,5,cgi,medium,2,x2
86b9f945,natural_low_1_x2.jpeg,4,natural,low,1,x2
bb25fa4c,natural_low_1_x4.jpeg,3,natural,low,1,x4
bb25fa4c,cgi_medium_2_x4.jpg,2,cgi,medium,2,x4
bb25fa4c,ai_high_3_x4.png,3,ai,high,3,x4
bb25fa4c,ai_high_3_x2.png,5,ai,high,3,x2
bb25fa4c,cgi_high_3_x4.jpg,2,cgi,high,3,x4
bb25fa4c,cgi_high_1_x2.jpeg,4,cgi,high,1,x2
bb25fa4c,cgi_low_1_x4.jpg,2,cgi,low,1,x4
bb25fa4c,ai_high_2_x2.png,5,ai,high,2,x2
bb25fa4c,ai_medium_1_x2.png,5,ai,medium,1,x2
bb25fa4c,cgi_high_3_x2.jpg,4,cgi,high,3,x2
bb25fa4c,natural_high_2_x4.jpeg,2,natural,high,2,x4
bb25fa4c,ai_low_2_x2.png,5,ai,low,2,x2
bb25fa4c,ai_low_1_x2.png,5,ai,low,1,x2
bb25fa4c,ai_medium_1_x4.png,3,ai,medium,1,x4
bb25fa4c,ai_high_1_x2.png,4,ai,high,1,x2
bb25fa4c,natural_low_2_x4.jpg,3,natural,low,2,x4
bb25fa4c,cgi_low_3_x2.png,4,cgi,low,3,x2
bb25fa4c,natural_high_2_x2.jpeg,5,natural,high,2,x2
bb25fa4c,ai_medium_3_x4.png,3,ai,medium,3,x4
bb25fa4c,ai_high_2_x4.png,2,ai,high,2,x4
bb25fa4c,ai_low_3_x2.png,5,ai,low,3,x2
bb25fa4c,natural_high_3_x2.jpeg,4,natural,high,3,x2
bb25fa4c,ai_high_1_x4.png,3,ai,high,1,x4
bb25fa4c,ai_low_1_x4.png,2,ai,low,1,x4
bb25fa4c,cgi_medium_1_x4.jpeg,1,cgi,medium,1,x4
bb25fa4c,natural_medium_1_x2.jpeg,4,natural,medium,1,x2
bb25fa4c,ai_low_3_x4.png,3,ai,low,3,x4
bb25fa4c,natural_medium_2_x2.jpeg,4,natural,medium,2,x2
bb25fa4c,natural_high_3_x4.jpeg,2,natural,high,3,x4
bb25fa4c,ai_medium_3_x2.png,5,ai,medium,3,x2
bb25fa4c,cgi_low_2_x4.jpg,2,cgi,low,2,x4
bb25fa4c,ai_low_2_x4.png,3,ai,low,2,x4
bb25fa4c,natural_high_1_x4.jpeg,2,natural,high,1,x4
bb25fa4c,natural_low_3_x4.jpg,2,natural,low,3,x4
bb25fa4c,cgi_low_2_x2.jpg,4,cgi,low,2,x2
bb25fa4c,cgi_high_2_x2.jpg,5,cgi,high,2,x2
bb25fa4c,ai_medium_2_x4.png,3,ai,medium,2,x4
bb25fa4c,natural_medium_1_x4.jpeg,2,natural,medium,1,x4
bb25fa4c,cgi_high_2_x4.jpg,2,cgi,high,2,x4
bb25fa4c,natural_high_1_x2.jpeg,5,natural,high,1,x2
bb25fa4c,natural_medium_2_x4.jpeg,2,natural,medium,2,x4
bb25fa4c,natural_medium_3_x2.jpeg,4,natural,medium,3,x2
bb25fa4c,cgi_medium_3_x4.jpg,2,cgi,medium,3,x4
bb25fa4c,cgi_medium_1_x2.jpeg,4,cgi,medium,1,x2
bb25fa4c,cgi_medium_3_x2.jpg,3,cgi,medium,3,x2
bb25fa4c,natural_low_2_x2.jpg,4,natural,low,2,x2
bb25fa4c,natural_low_1_x2.jpeg,5,natural,low,1,x2
bb25fa4c,natural_medium_3_x4.jpeg,3,natural,medium,3,x4
bb25fa4c,cgi_low_3_x4.png,2,cgi,low,3,x4
bb25fa4c,natural_low_3_x2.jpg,3,natural,low,3,x2
bb25fa4c,cgi_high_1_x4.jpeg,2,cgi,high,1,x4
bb25fa4c,ai_medium_2_x2.png,5,ai,medium,2,x2
bb25fa4c,cgi_low_1_x2.jpg,5,cgi,low,1,x2
bb25fa4c,cgi_medium_2_x2.jpg,5,cgi,medium,2,x2
c88e8dea,cgi_high_1_x2.jpeg,2,cgi,high,1,x2
c88e8dea,ai_medium_3_x4.png,2,ai,medium,3,x4
c88e8dea,natural_medium_2_x4.jpeg,1,natural,medium,2,x4
c88e8dea,cgi_low_3_x2.png,5,cgi,low,3,x2
c88e8dea,ai_high_2_x4.png,1,ai,high,2,x4
c88e8dea,cgi_medium_3_x4.jpg,1,cgi,medium,3,x4
c88e8dea,natural_high_2_x4.jpeg,1,natural,high,2,x4
c88e8dea,natural_high_1_x4.jpeg,1,natural,high,1,x4
c88e8dea,natural_low_1_x2.jpeg,5,natural,low,1,x2
c88e8dea,ai_low_2_x4.png,3,ai,low,2,x4
c88e8dea,ai_high_3_x2.png,5,ai,high,3,x2
c88e8dea,ai_low_3_x4.png,3,ai,low,3,x4
c88e8dea,natural_high_2_x2.jpeg,5,natural,high,2,x2
c88e8dea,ai_low_3_x2.png,5,ai,low,3,x2
c88e8dea,ai_high_1_x4.png,3,ai,high,1,x4
c88e8dea,natural_low_1_x4.jpeg,2,natural,low,1,x4
c88e8dea,natural_medium_3_x4.jpeg,3,natural,medium,3,x4
c88e8dea,ai_high_2_x2.png,4,ai,high,2,x2
c88e8dea,natural_medium_1_x4.jpeg,3,natural,medium,1,x4
c88e8dea,ai_low_2_x2.png,5,ai,low,2,x2
c88e8dea,natural_high_3_x4.jpeg,2,natural,high,3,x4
c88e8dea,cgi_low_1_x2.jpg,4,cgi,low,1,x2
c88e8dea,natural_high_3_x2.jpeg,4,natural,high,3,x2
c88e8dea,natural_low_2_x4.jpg,3,natural,low,2,x4
c88e8dea,cgi_medium_2_x2.jpg,3,cgi,medium,2,x2
c88e8dea,cgi_high_2_x2.jpg,4,cgi,high,2,x2
c88e8dea,cgi_high_2_x4.jpg,4,cgi,high,2,x4
c88e8dea,natural_low_3_x4.jpg,2,natural,low,3,x4
c88e8dea,natural_high_1_x2.jpeg,3,natural,high,1,x2
c88e8dea,cgi_high_3_x2.jpg,3,cgi,high,3,x2
c88e8dea,natural_medium_2_x2.jpeg,3,natural,medium,2,x2
c88e8dea,cgi_medium_1_x2.jpeg,4,cgi,medium,1,x2
c88e8dea,natural_medium_3_x2.jpeg,5,natural,medium,3,x2
c88e8dea,ai_low_1_x4.png,3,ai,low,1,x4
c88e8dea,natural_low_2_x2.jpg,5,natural,low,2,x2
c88e8dea,cgi_high_1_x4.jpeg,3,cgi,high,1,x4
c88e8dea,natural_medium_1_x2.jpeg,4,natural,medium,1,x2
c88e8dea,ai_medium_2_x2.png,5,ai,medium,2,x2
c88e8dea,cgi_medium_1_x4.jpeg,2,cgi,medium,1,x4
c88e8dea,cgi_low_2_x2.jpg,2,cgi,low,2,x2
c88e8dea,natural_low_3_x2.jpg,3,natural,low,3,x2
c88e8dea,ai_high_1_x2.png,5,ai,high,1,x2
c88e8dea,ai_medium_2_x4.png,2,ai,medium,2,x4
c88e8dea,ai_medium_1_x2.png,4,ai,medium,1,x2
c88e8dea,cgi_low_2_x4.jpg,2,cgi,low,2,x4
c88e8dea,ai_medium_3_x2.png,3,ai,medium,3,x2
c88e8dea,cgi_high_3_x4.jpg,2,cgi,high,3,x4
c88e8dea,ai_low_1_x2.png,5,ai,low,1,x2
c88e8dea,cgi_low_3_x4.png,2,cgi,low,3,x4
c88e8dea,cgi_medium_2_x4.jpg,2,cgi,medium,2,x4
c88e8dea,cgi_medium_3_x2.jpg,3,cgi,medium,3,x2
c88e8dea,ai_medium_1_x4.png,2,ai,medium,1,x4
c88e8dea,ai_high_3_x4.png,2,ai,high,3,x4
c88e8dea,cgi_low_1_x4.jpg,3,cgi,low,1,x4
e5fe38db,cgi_medium_3_x2.jpg,4,cgi,medium,3,x2
e5fe38db,natural_high_3_x4.jpeg,2,natural,high,3,x4
e5fe38db,natural_high_3_x2.jpeg,4,natural,high,3,x2
e5fe38db,ai_high_3_x4.png,3,ai,high,3,x4
e5fe38db,natural_low_3_x2.jpg,4,natural,low,3,x2
e5fe38db,natural_low_2_x2.jpg,4,natural,low,2,x2
e5fe38db,cgi_high_2_x4.jpg,3,cgi,high,2,x4
e5fe38db,cgi_low_2_x4.jpg,3,cgi,low,2,x4
e5fe38db,cgi_high_3_x2.jpg,5,cgi,high,3,x2
e5fe38db,natural_medium_3_x2.jpeg,5,natural,medium,3,x2
e5fe38db,ai_low_2_x2.png,5,ai,low,2,x2
e5fe38db,cgi_low_3_x4.png,3,cgi,low,3,x4
e5fe38db,ai_low_3_x2.png,5,ai,low,3,x2
e5fe38db,natural_high_2_x4.jpeg,2,natural,high,2,x4
e5fe38db,ai_medium_1_x2.png,4,ai,medium,1,x2
e5fe38db,cgi_medium_1_x4.jpeg,2,cgi,medium,1,x4
e5fe38db,cgi_low_1_x4.jpg,1,cgi,low,1,x4
e5fe38db,cgi_low_2_x2.jpg,5,cgi,low,2,x2
e5fe38db,natural_medium_2_x2.jpeg,4,natural,medium,2,x2
e5fe38db,ai_high_2_x2.png,4,ai,high,2,x2
e5fe38db,cgi_medium_1_x2.jpeg,5,cgi,medium,1,x2
e5fe38db,natural_high_1_x4.jpeg,2,natural,high,1,x4
e5fe38db,ai_medium_3_x4.png,3,ai,medium,3,x4
e5fe38db,ai_low_1_x2.png,5,ai,low,1,x2
e5fe38db,ai_medium_1_x4.png,2,ai,medium,1,x4
e5fe38db,cgi_high_3_x4.jpg,2,cgi,high,3,x4
e5fe38db,ai_high_2_x4.png,1,ai,high,2,x4
e5fe38db,ai_high_1_x2.png,4,ai,high,1,x2
e5fe38db,natural_medium_2_x4.jpeg,2,natural,medium,2,x4
e5fe38db,natural_high_2_x2.jpeg,4,natural,high,2,x2
e5fe38db,ai_medium_3_x2.png,5,ai,medium,3,x2
e5fe38db,ai_medium_2_x2.png,5,ai,medium,2,x2
e5fe38db,ai_low_3_x4.png,3,ai,low,3,x4
e5fe38db,ai_low_1_x4.png,3,ai,low,1,x4
e5fe38db,natural_low_3_x4.jpg,3,natural,low,3,x4
e5fe38db,natural_medium_1_x4.jpeg,2,natural,medium,1,x4
e5fe38db,cgi_high_1_x4.jpeg,1,cgi,high,1,x4
e5fe38db,cgi_low_3_x2.png,4,cgi,low,3,x2
e5fe38db,cgi_high_2_x2.jpg,5,cgi,high,2,x2
e5fe38db,natural_medium_3_x4.jpeg,2,natural,medium,3,x4
e5fe38db,cgi_medium_2_x4.jpg,2,cgi,medium,2,x4
e5fe38db,cgi_medium_3_x4.jpg,1,cgi,medium,3,x4
e5fe38db,cgi_high_1_x2.jpeg,3,cgi,high,1,x2
e5fe38db,ai_medium_2_x4.png,2,ai,medium,2,x4
e5fe38db,cgi_medium_2_x2.jpg,5,cgi,medium,2,x2
e5fe38db,natural_low_1_x2.jpeg,3,natural,low,1,x2
e5fe38db,natural_medium_1_x2.jpeg,4,natural,medium,1,x2
e5fe38db,cgi_low_1_x2.jpg,5,cgi,low,1,x2
e5fe38db,natural_high_1_x2.jpeg,3,natural,high,1,x2
e5fe38db,ai_high_1_x4.png,1,ai,high,1,x4
e5fe38db,natural_low_2_x4.jpg,2,natural,low,2,x4
e5fe38db,ai_low_2_x4.png,3,ai,low,2,x4
e5fe38db,ai_high_3_x2.png,4,ai,high,3,x2
e5fe38db,natural_low_1_x4.jpeg,1,natural,low,1,x4
f8ba384d,natural_high_3_x2.jpeg,2,natural,high,3,x2
f8ba384d,cgi_medium_2_x4.jpg,2,cgi,medium,2,x4
f8ba384d,natural_medium_2_x4.jpeg,2,natural,medium,2,x4
f8ba384d,natural_medium_2_x2.jpeg,3,natural,medium,2,x2
f8ba384d,natural_low_3_x4.jpg,2,natural,low,3,x4
f8ba384d,ai_medium_1_x4.png,4,ai,medium,1,x4
f8ba384d,ai_low_1_x4.png,3,ai,low,1,x4
f8ba384d,cgi_low_2_x2.jpg,4,cgi,low,2,x2
f8ba384d,natural_low_1_x4.jpeg,2,natural,low,1,x4
f8ba384d,natural_low_2_x2.jpg,4,natural,low,2,x2
f8ba384d,ai_high_3_x2.png,5,ai,high,3,x2
f8ba384d,cgi_medium_1_x2.jpeg,3,cgi,medium,1,x2
f8ba384d,ai_high_1_x2.png,4,ai,high,1,x2
f8ba384d,ai_high_2_x4.png,2,ai,high,2,x4
f8ba384d,ai_medium_2_x2.png,4,ai,medium,2,x2
f8ba384d,ai_high_2_x2.png,4,ai,high,2,x2
f8ba384d,natural_medium_3_x2.jpeg,4,natural,medium,3,x2
f8ba384d,natural_low_2_x4.jpg,3,natural,low,2,x4
f8ba384d,cgi_low_3_x2.png,4,cgi,low,3,x2
f8ba384d,ai_high_1_x4.png,2,ai,high,1,x4
f8ba384d,cgi_high_2_x2.jpg,4,cgi,high,2,x2
f8ba384d,cgi_low_1_x2.jpg,4,cgi,low,1,x2
f8ba384d,ai_medium_2_x4.png,3,ai,medium,2,x4
f8ba384d,natural_medium_3_x4.jpeg,2,natural,medium,3,x4
f8ba384d,cgi_medium_3_x4.jpg,2,cgi,medium,3,x4
f8ba384d,cgi_low_3_x4.png,2,cgi,low,3,x4
f8ba384d,natural_low_3_x2.jpg,3,natural,low,3,x2
f8ba384d,natural_high_1_x4.jpeg,1,natural,high,1,x4
f8ba384d,ai_low_2_x2.png,5,ai,low,2,x2
f8ba384d,ai_medium_3_x4.png,3,ai,medium,3,x4
f8ba384d,natural_high_2_x4.jpeg,2,natural,high,2,x4
f8ba384d,cgi_high_1_x4.jpeg,2,cgi,high,1,x4
f8ba384d,cgi_high_3_x2.jpg,5,cgi,high,3,x2
f8ba384d,cgi_high_1_x2.jpeg,3,cgi,high,1,x2
f8ba384d,cgi_high_3_x4.jpg,2,cgi,high,3,x4
f8ba384d,cgi_medium_1_x4.jpeg,2,cgi,medium,1,x4
f8ba384d,ai_low_3_x2.png,5,ai,low,3,x2
f8ba384d,cgi_medium_2_x2.jpg,4,cgi,medium,2,x2
f8ba384d,ai_medium_1_x2.png,5,ai,medium,1,x2
f8ba384d,cgi_low_1_x4.jpg,2,cgi,low,1,x4
f8ba384d,natural_medium_1_x2.jpeg,4,natural,medium,1,x2
f8ba384d,ai_medium_3_x2.png,5,ai,medium,3,x2
f8ba384d,ai_high_3_x4.png,2,ai,high,3,x4
f8ba384d,ai_low_3_x4.png,2,ai,low,3,x4
f8ba384d,cgi_low_2_x4.jpg,1,cgi,low,2,x4
f8ba384d,ai_low_2_x4.png,2,ai,low,2,x4
f8ba384d,natural_high_2_x2.jpeg,3,natural,high,2,x2
f8ba384d,natural_medium_1_x4.jpeg,2,natural,medium,1,x4
f8ba384d,cgi_medium_3_x2.jpg,3,cgi,medium,3,x2
f8ba384d,natural_high_1_x2.jpeg,3,natural,high,1,x2
f8ba384d,natural_low_1_x2.jpeg,4,natural,low,1,x2
f8ba384d,cgi_high_2_x4.jpg,1,cgi,high,2,x4
f8ba384d,natural_high_3_x4.jpeg,1,natural,high,3,x4
f8ba384d,ai_low_1_x2.png,5,ai,low,1,x2
fcceea2c,ai_medium_2_x2.png,4,ai,medium,2,x2
fcceea2c,natural_high_2_x4.jpeg,1,natural,high,2,x4
fcceea2c,natural_medium_3_x4.jpeg,2,natural,medium,3,x4
fcceea2c,cgi_low_2_x2.jpg,4,cgi,low,2,x2
fcceea2c,ai_high_1_x2.png,4,ai,high,1,x2
fcceea2c,natural_medium_2_x2.jpeg,3,natural,medium,2,x2
fcceea2c,ai_medium_1_x2.png,2,ai,medium,1,x2
fcceea2c,ai_medium_3_x4.png,2,ai,medium,3,x4
fcceea2c,ai_high_3_x4.png,2,ai,high,3,x4
fcceea2c,cgi_medium_3_x2.jpg,2,cgi,medium,3,x2
fcceea2c,natural_medium_1_x2.jpeg,3,natural,medium,1,x2
fcceea2c,ai_high_2_x2.png,4,ai,high,2,x2
fcceea2c,ai_low_1_x4.png,4,ai,low,1,x4
fcceea2c,natural_high_2_x2.jpeg,3,natural,high,2,x2
fcceea2c,ai_high_3_x2.png,4,ai,high,3,x2
fcceea2c,natural_low_3_x2.jpg,1,natural,low,3,x2
fcceea2c,natural_low_3_x4.jpg,1,natural,low,3,x4
fcceea2c,cgi_high_1_x4.jpeg,2,cgi,high,1,x4
fcceea2c,cgi_high_2_x4.jpg,3,cgi,high,2,x4
fcceea2c,ai_high_2_x4.png,2,ai,high,2,x4
fcceea2c,ai_high_1_x4.png,2,ai,high,1,x4
fcceea2c,cgi_high_1_x2.jpeg,3,cgi,high,1,x2
fcceea2c,cgi_high_2_x2.jpg,5,cgi,high,2,x2
fcceea2c,natural_high_1_x4.jpeg,1,natural,high,1,x4
fcceea2c,natural_low_2_x4.jpg,2,natural,low,2,x4
fcceea2c,cgi_medium_2_x2.jpg,5,cgi,medium,2,x2
fcceea2c,natural_high_1_x2.jpeg,3,natural,high,1,x2
fcceea2c,natural_medium_3_x2.jpeg,4,natural,medium,3,x2
fcceea2c,natural_high_3_x4.jpeg,2,natural,high,3,x4
fcceea2c,natural_low_1_x2.jpeg,3,natural,low,1,x2
fcceea2c,natural_low_1_x4.jpeg,1,natural,low,1,x4
fcceea2c,cgi_low_1_x2.jpg,2,cgi,low,1,x2
fcceea2c,ai_low_2_x2.png,4,ai,low,2,x2
fcceea2c,ai_medium_3_x2.png,3,ai,medium,3,x2
fcceea2c,cgi_medium_1_x2.jpeg,4,cgi,medium,1,x2
fcceea2c,cgi_low_1_x4.jpg,1,cgi,low,1,x4
fcceea2c,natural_high_3_x2.jpeg,3,natural,high,3,x2
fcceea2c,cgi_medium_1_x4.jpeg,2,cgi,medium,1,x4
fcceea2c,natural_medium_2_x4.jpeg,2,natural,medium,2,x4
fcceea2c,ai_low_2_x4.png,2,ai,low,2,x4
fcceea2c,cgi_low_2_x4.jpg,1,cgi,low,2,x4
fcceea2c,cgi_low_3_x4.png,1,cgi,low,3,x4
fcceea2c,ai_low_3_x2.png,4,ai,low,3,x2
fcceea2c,cgi_high_3_x2.jpg,3,cgi,high,3,x2
fcceea2c,natural_medium_1_x4.jpeg,2,natural,medium,1,x4
fcceea2c,ai_low_3_x4.png,2,ai,low,3,x4
fcceea2c,cgi_high_3_x4.jpg,1,cgi,high,3,x4
fcceea2c,cgi_low_3_x2.png,3,cgi,low,3,x2
fcceea2c,cgi_medium_3_x4.jpg,1,cgi,medium,3,x4
fcceea2c,ai_medium_1_x4.png,2,ai,medium,1,x4
fcceea2c,cgi_medium_2_x4.jpg,3,cgi,medium,2,x4
fcceea2c,natural_low_2_x2.jpg,2,natural,low,2,x2
fcceea2c,ai_low_1_x2.png,4,ai,low,1,x2
fcceea2c,ai_medium_2_x4.png,2,ai,medium,2,x4
