78d824fa,natural_high_3_x2.jpeg,2
78d824fa,natural_medium_1_x4.jpeg,1
78d824fa,ai_high_3_x4.png,2
78d824fa,cgi_medium_1_x2.jpeg,2
78d824fa,natural_low_2_x4.jpg,1
78d824fa,natural_medium_1_x2.jpeg,3
78d824fa,natural_low_3_x4.jpg,1
78d824fa,ai_low_2_x4.png,2
78d824fa,natural_high_3_x4.jpeg,1
78d824fa,cgi_low_3_x4.png,1
78d824fa,cgi_medium_3_x4.jpg,2
78d824fa,cgi_low_1_x4.jpg,1
78d824fa,cgi_high_2_x4.jpg,2
78d824fa,cgi_high_3_x2.jpg,2
78d824fa,cgi_high_2_x2.jpg,3
78d824fa,cgi_high_1_x4.jpeg,2
78d824fa,ai_medium_3_x4.png,2
78d824fa,natural_low_3_x2.jpg,2
78d824fa,cgi_high_3_x4.jpg,2
78d824fa,cgi_medium_2_x2.jpg,4
78d824fa,cgi_high_1_x2.jpeg,4
78d824fa,ai_low_2_x2.png,5
78d824fa,natural_high_2_x2.jpeg,3
78d824fa,cgi_medium_1_x4.jpeg,2
78d824fa,ai_medium_3_x2.png,4
78d824fa,ai_medium_2_x4.png,2
78d824fa,natural_low_2_x2.jpg,5
78d824fa,ai_medium_1_x2.png,4
78d824fa,cgi_low_1_x2.jpg,3
78d824fa,ai_medium_2_x2.png,4
78d824fa,ai_high_2_x2.png,3
78d824fa,natural_high_2_x4.jpeg,1
78d824fa,cgi_low_2_x4.jpg,1
78d824fa,ai_medium_1_x4.png,3
78d824fa,ai_high_1_x4.png,3
78d824fa,ai_low_3_x4.png,3
78d824fa,ai_high_3_x2.png,4
78d824fa,ai_low_1_x4.png,3
78d824fa,ai_low_1_x2.png,4
78d824fa,cgi_low_3_x2.png,4
78d824fa,natural_low_1_x4.jpeg,2
78d824fa,ai_high_2_x4.png,1
78d824fa,natural_high_1_x4.jpeg,1
78d824fa,natural_medium_3_x2.jpeg,4
78d824fa,ai_high_1_x2.png,4
78d824fa,natural_high_1_x2.jpeg,3
78d824fa,ai_low_3_x2.png,4
78d824fa,cgi_medium_2_x4.jpg,2
78d824fa,natural_medium_3_x4.jpeg,1
78d824fa,natural_medium_2_x2.jpeg,2
78d824fa,natural_low_1_x2.jpeg,3
78d824fa,cgi_low_2_x2.jpg,2
78d824fa,natural_medium_2_x4.jpeg,1
78d824fa,cgi_medium_3_x2.jpg,3
42e3ccfa,ai_low_3_x2.png,5
42e3ccfa,natural_low_3_x4.jpg,2
42e3ccfa,cgi_high_3_x4.jpg,1
42e3ccfa,natural_high_1_x4.jpeg,1
42e3ccfa,ai_low_2_x4.png,3
42e3ccfa,natural_low_1_x2.jpeg,5
42e3ccfa,ai_medium_2_x4.png,4
42e3ccfa,cgi_high_3_x2.jpg,4
42e3ccfa,natural_low_1_x4.jpeg,3
42e3ccfa,natural_medium_1_x2.jpeg,4
42e3ccfa,natural_high_2_x4.jpeg,2
42e3ccfa,cgi_medium_1_x4.jpeg,1
42e3ccfa,ai_low_1_x4.png,3
42e3ccfa,cgi_low_3_x4.png,2
42e3ccfa,ai_high_1_x2.png,5
42e3ccfa,ai_medium_2_x2.png,5
42e3ccfa,natural_low_3_x2.jpg,4
42e3ccfa,cgi_low_1_x4.jpg,1
42e3ccfa,natural_low_2_x4.jpg,3
42e3ccfa,natural_medium_1_x4.jpeg,2
42e3ccfa,ai_medium_3_x2.png,5
42e3ccfa,cgi_medium_3_x4.jpg,2
42e3ccfa,cgi_low_1_x2.jpg,5
42e3ccfa,cgi_high_2_x2.jpg,5
42e3ccfa,natural_medium_3_x2.jpeg,4
42e3ccfa,ai_medium_1_x2.png,5
42e3ccfa,cgi_medium_2_x2.jpg,5
42e3ccfa,cgi_low_3_x2.png,3
42e3ccfa,natural_high_1_x2.jpeg,4
42e3ccfa,ai_low_1_x2.png,4
42e3ccfa,cgi_high_1_x2.jpeg,4
42e3ccfa,natural_medium_3_x4.jpeg,3
42e3ccfa,cgi_medium_3_x2.jpg,2
42e3ccfa,ai_high_1_x4.png,2
42e3ccfa,natural_low_2_x2.jpg,4
42e3ccfa,cgi_low_2_x4.jpg,2
42e3ccfa,ai_medium_3_x4.png,3
42e3ccfa,natural_high_2_x2.jpeg,5
42e3ccfa,natural_high_2_x2.jpeg,5
42e3ccfa,ai_medium_1_x4.png,3
42e3ccfa,ai_high_2_x4.png,1
42e3ccfa,cgi_medium_2_x4.jpg,1
42e3ccfa,natural_medium_2_x4.jpeg,1
42e3ccfa,ai_high_3_x4.png,2
42e3ccfa,cgi_medium_1_x2.jpeg,5
42e3ccfa,ai_low_3_x4.png,3
42e3ccfa,natural_high_3_x4.jpeg,1
42e3ccfa,natural_high_3_x2.jpeg,1
42e3ccfa,cgi_low_2_x2.jpg,3
42e3ccfa,cgi_high_2_x4.jpg,2
42e3ccfa,natural_medium_2_x2.jpeg,4
42e3ccfa,ai_low_2_x2.png,4
42e3ccfa,cgi_high_1_x4.jpeg,3
42e3ccfa,ai_high_2_x2.png,4
42e3ccfa,ai_high_3_x2.png,5
f9a57916,natural_low_3_x4.jpg,1
f9a57916,ai_low_3_x4.png,1
f9a57916,natural_high_1_x4.jpeg,1
f9a57916,ai_low_1_x2.png,3
f9a57916,ai_high_3_x4.png,2
f9a57916,ai_medium_1_x2.png,3
f9a57916,natural_medium_1_x2.jpeg,2
f9a57916,natural_low_3_x2.jpg,1
f9a57916,natural_medium_2_x2.jpeg,2
f9a57916,ai_high_3_x2.png,3
f9a57916,cgi_low_2_x4.jpg,1
f9a57916,natural_medium_3_x2.jpeg,3
f9a57916,ai_medium_3_x4.png,1
f9a57916,cgi_medium_2_x2.jpg,4
f9a57916,cgi_high_1_x4.jpeg,1
f9a57916,ai_medium_2_x4.png,1
f9a57916,ai_medium_1_x4.png,1
f9a57916,natural_low_1_x4.jpeg,1
f9a57916,natural_medium_2_x4.jpeg,1
f9a57916,ai_high_2_x2.png,2
f9a57916,ai_low_3_x2.png,3
f9a57916,cgi_low_3_x4.png,1
f9a57916,ai_low_2_x2.png,3
f9a57916,ai_medium_2_x2.png,4
f9a57916,ai_high_1_x4.png,2
f9a57916,natural_high_3_x4.jpeg,1
f9a57916,natural_low_2_x2.jpg,1
f9a57916,cgi_medium_2_x4.jpg,2
f9a57916,cgi_high_2_x2.jpg,1
f9a57916,natural_high_1_x2.jpeg,2
f9a57916,cgi_low_3_x2.png,3
f9a57916,cgi_medium_1_x4.jpeg,1
f9a57916,ai_high_1_x2.png,4
f9a57916,cgi_high_3_x2.jpg,2
f9a57916,ai_high_2_x4.png,1
f9a57916,natural_low_1_x2.jpeg,2
f9a57916,natural_high_2_x2.jpeg,1
f9a57916,cgi_low_1_x2.jpg,1
f9a57916,cgi_high_2_x4.jpg,1
f9a57916,cgi_medium_3_x2.jpg,1
f9a57916,cgi_high_3_x4.jpg,1
f9a57916,natural_high_3_x2.jpeg,3
f9a57916,natural_medium_3_x4.jpeg,2
f9a57916,cgi_high_1_x2.jpeg,3
f9a57916,cgi_low_2_x2.jpg,3
f9a57916,cgi_medium_1_x2.jpeg,2
f9a57916,ai_low_2_x4.png,2
f9a57916,natural_low_2_x4.jpg,1
f9a57916,natural_high_2_x4.jpeg,1
f9a57916,cgi_low_1_x4.jpg,1
f9a57916,ai_low_1_x4.png,2
f9a57916,ai_medium_3_x2.png,4
f9a57916,cgi_medium_3_x4.jpg,1
f9a57916,natural_medium_1_x4.jpeg,1
bb25fa4c,natural_low_1_x4.jpeg,3
bb25fa4c,cgi_medium_2_x4.jpg,2
bb25fa4c,ai_high_3_x4.png,3
bb25fa4c,ai_high_3_x2.png,5
bb25fa4c,cgi_high_3_x4.jpg,2
bb25fa4c,cgi_high_1_x2.jpeg,4
bb25fa4c,cgi_low_1_x4.jpg,2
bb25fa4c,ai_high_2_x2.png,5
bb25fa4c,ai_medium_1_x2.png,5
bb25fa4c,cgi_high_3_x2.jpg,4
bb25fa4c,natural_high_2_x4.jpeg,2
bb25fa4c,ai_low_2_x2.png,5
bb25fa4c,ai_low_1_x2.png,5
bb25fa4c,ai_medium_1_x4.png,3
bb25fa4c,ai_high_1_x2.png,4
bb25fa4c,natural_low_2_x4.jpg,3
bb25fa4c,cgi_low_3_x2.png,4
bb25fa4c,natural_high_2_x2.jpeg,5
bb25fa4c,ai_medium_3_x4.png,3
bb25fa4c,ai_high_2_x4.png,2
bb25fa4c,ai_low_3_x2.png,5
bb25fa4c,natural_high_3_x2.jpeg,4
bb25fa4c,ai_high_1_x4.png,3
bb25fa4c,ai_low_1_x4.png,2
bb25fa4c,cgi_medium_1_x4.jpeg,1
bb25fa4c,natural_medium_1_x2.jpeg,4
bb25fa4c,ai_low_3_x4.png,3
bb25fa4c,natural_medium_2_x2.jpeg,4
bb25fa4c,natural_high_3_x4.jpeg,2
bb25fa4c,ai_medium_3_x2.png,5
bb25fa4c,cgi_low_2_x4.jpg,2
bb25fa4c,ai_low_2_x4.png,3
bb25fa4c,natural_high_1_x4.jpeg,2
bb25fa4c,natural_low_3_x4.jpg,2
bb25fa4c,cgi_low_2_x2.jpg,4
bb25fa4c,cgi_high_2_x2.jpg,5
bb25fa4c,ai_medium_2_x4.png,3
bb25fa4c,natural_medium_1_x4.jpeg,2
bb25fa4c,cgi_high_2_x4.jpg,2
8034b667,natural_low_2_x4.jpg,3
8034b667,ai_medium_2_x2.png,4
8034b667,ai_medium_3_x2.png,4
bb25fa4c,natural_high_1_x2.jpeg,5
8034b667,cgi_high_2_x2.jpg,5
8034b667,ai_low_2_x2.png,4
bb25fa4c,natural_medium_2_x4.jpeg,2
8034b667,ai_high_2_x2.png,3
8034b667,cgi_low_2_x2.jpg,4
8034b667,natural_medium_2_x2.jpeg,4
8034b667,cgi_high_3_x4.jpg,2
bb25fa4c,natural_medium_3_x2.jpeg,4
8034b667,natural_high_3_x4.jpeg,2
bb25fa4c,cgi_medium_3_x4.jpg,2
8034b667,ai_medium_3_x4.png,3
bb25fa4c,cgi_medium_1_x2.jpeg,4
8034b667,ai_high_1_x2.png,4
8034b667,ai_low_3_x2.png,4
bb25fa4c,cgi_medium_3_x2.jpg,3
8034b667,cgi_low_1_x2.jpg,4
8034b667,cgi_medium_1_x4.jpeg,2
8034b667,cgi_high_3_x2.jpg,4
bb25fa4c,natural_low_2_x2.jpg,4
8034b667,natural_high_3_x2.jpeg,4
bb25fa4c,natural_low_1_x2.jpeg,5
8034b667,ai_medium_1_x4.png,3
bb25fa4c,natural_medium_3_x4.jpeg,3
8034b667,natural_high_2_x4.jpeg,2
bb25fa4c,cgi_low_3_x4.png,2
8034b667,ai_medium_1_x2.png,4
8034b667,natural_low_2_x2.jpg,4
bb25fa4c,natural_low_3_x2.jpg,3
8034b667,natural_medium_2_x4.jpeg,2
bb25fa4c,cgi_high_1_x4.jpeg,2
8034b667,cgi_medium_1_x2.jpeg,3
bb25fa4c,ai_medium_2_x2.png,5
8034b667,cgi_medium_2_x2.jpg,4
bb25fa4c,cgi_low_1_x2.jpg,5
8034b667,ai_low_2_x4.png,3
bb25fa4c,cgi_medium_2_x2.jpg,5
8034b667,natural_high_2_x2.jpeg,4
8034b667,ai_low_1_x4.png,3
8034b667,ai_high_2_x4.png,2
8034b667,cgi_low_1_x4.jpg,2
8034b667,cgi_low_3_x4.png,2
8034b667,ai_low_3_x4.png,3
8034b667,natural_low_1_x4.jpeg,2
8034b667,natural_low_3_x4.jpg,1
8034b667,cgi_high_2_x4.jpg,2
8034b667,ai_high_3_x2.png,4
8034b667,cgi_medium_3_x4.jpg,2
8034b667,natural_medium_1_x2.jpeg,4
8034b667,ai_low_1_x2.png,4
8034b667,natural_low_3_x2.jpg,1
8034b667,natural_high_1_x4.jpeg,2
8034b667,cgi_low_2_x4.jpg,3
8034b667,natural_medium_1_x4.jpeg,3
8034b667,cgi_low_3_x2.png,3
8034b667,natural_high_1_x2.jpeg,4
8034b667,natural_low_1_x2.jpeg,3
8034b667,cgi_high_1_x2.jpeg,4
8034b667,cgi_high_1_x4.jpeg,3
8034b667,ai_medium_2_x4.png,3
8034b667,ai_high_1_x4.png,3
8034b667,cgi_medium_2_x4.jpg,3
8034b667,natural_medium_3_x4.jpeg,3
8034b667,natural_medium_3_x2.jpeg,4
8034b667,ai_high_3_x4.png,3
8034b667,cgi_medium_3_x2.jpg,3
462f6d13,natural_high_1_x4.jpeg,1
462f6d13,ai_medium_3_x4.png,2
462f6d13,natural_low_3_x2.jpg,3
462f6d13,ai_high_1_x2.png,4
462f6d13,natural_medium_1_x2.jpeg,4
462f6d13,natural_medium_2_x4.jpeg,2
462f6d13,cgi_low_2_x4.jpg,2
462f6d13,cgi_medium_1_x2.jpeg,4
462f6d13,natural_high_3_x2.jpeg,4
462f6d13,ai_high_2_x2.png,4
462f6d13,cgi_high_1_x4.jpeg,3
462f6d13,natural_high_2_x2.jpeg,4
462f6d13,ai_medium_2_x4.png,2
462f6d13,ai_high_1_x4.png,3
462f6d13,cgi_medium_3_x4.jpg,2
462f6d13,ai_low_3_x4.png,3
462f6d13,ai_low_1_x4.png,3
462f6d13,ai_low_1_x4.png,3
462f6d13,ai_low_2_x4.png,3
462f6d13,cgi_high_1_x2.jpeg,5
462f6d13,cgi_low_1_x4.jpg,2
462f6d13,cgi_high_2_x2.jpg,4
462f6d13,ai_medium_2_x2.png,5
462f6d13,ai_low_1_x2.png,5
462f6d13,natural_low_1_x4.jpeg,3
462f6d13,cgi_low_3_x2.png,5
462f6d13,ai_high_3_x4.png,2
462f6d13,ai_low_3_x2.png,5
462f6d13,natural_low_2_x4.jpg,4
462f6d13,cgi_high_2_x4.jpg,3
462f6d13,natural_high_2_x4.jpeg,2
462f6d13,ai_medium_1_x4.png,2
462f6d13,cgi_low_1_x2.jpg,4
462f6d13,natural_medium_3_x2.jpeg,4
462f6d13,cgi_medium_3_x2.jpg,4
462f6d13,natural_medium_1_x4.jpeg,2
462f6d13,natural_high_1_x2.jpeg,5
462f6d13,ai_medium_3_x2.png,5
462f6d13,ai_medium_1_x2.png,5
462f6d13,natural_medium_2_x2.jpeg,4
462f6d13,natural_low_2_x2.jpg,4
462f6d13,cgi_high_3_x2.jpg,3
462f6d13,cgi_medium_2_x4.jpg,2
462f6d13,ai_low_2_x2.png,5
462f6d13,cgi_low_3_x4.png,4
462f6d13,natural_medium_3_x4.jpeg,3
462f6d13,natural_low_1_x2.jpeg,5
462f6d13,cgi_high_3_x4.jpg,2
462f6d13,cgi_medium_1_x4.jpeg,3
462f6d13,natural_high_3_x4.jpeg,2
462f6d13,ai_high_3_x2.png,5
462f6d13,cgi_medium_2_x2.jpg,5
462f6d13,natural_low_3_x4.jpg,4
462f6d13,ai_high_2_x4.png,1
462f6d13,cgi_low_2_x2.jpg,4
48a9b298,cgi_high_1_x4.jpeg,1
48a9b298,ai_medium_2_x4.png,3
48a9b298,natural_low_2_x4.jpg,3
48a9b298,natural_low_3_x2.jpg,3
48a9b298,cgi_medium_3_x4.jpg,2
48a9b298,cgi_low_2_x4.jpg,2
48a9b298,cgi_medium_2_x4.jpg,3
48a9b298,cgi_low_2_x2.jpg,4
48a9b298,natural_medium_1_x2.jpeg,3
48a9b298,cgi_high_2_x4.jpg,2
48a9b298,natural_medium_2_x4.jpeg,2
48a9b298,ai_medium_3_x4.png,3
48a9b298,cgi_low_3_x4.png,3
48a9b298,natural_low_2_x2.jpg,4
48a9b298,natural_high_1_x4.jpeg,1
48a9b298,ai_high_2_x4.png,1
48a9b298,ai_medium_3_x2.png,5
48a9b298,natural_high_2_x4.jpeg,2
48a9b298,ai_low_1_x2.png,4
48a9b298,natural_high_3_x2.jpeg,4
48a9b298,ai_high_3_x2.png,4
48a9b298,cgi_high_1_x2.jpeg,4
48a9b298,natural_medium_3_x2.jpeg,3
48a9b298,cgi_medium_1_x4.jpeg,1
48a9b298,natural_high_2_x2.jpeg,4
48a9b298,natural_low_1_x2.jpeg,4
48a9b298,ai_medium_2_x2.png,4
48a9b298,cgi_low_1_x4.jpg,2
48a9b298,ai_high_2_x2.png,3
48a9b298,ai_high_1_x4.png,2
48a9b298,ai_low_2_x2.png,4
48a9b298,cgi_high_2_x2.jpg,4
48a9b298,ai_low_1_x4.png,2
48a9b298,cgi_medium_3_x2.jpg,2
48a9b298,ai_high_3_x4.png,2
48a9b298,ai_medium_1_x4.png,2
48a9b298,cgi_high_3_x4.jpg,1
48a9b298,ai_low_2_x4.png,2
48a9b298,cgi_high_3_x2.jpg,2
48a9b298,cgi_low_1_x2.jpg,1
48a9b298,ai_low_3_x2.png,4
48a9b298,natural_low_3_x4.jpg,2
48a9b298,natural_medium_1_x4.jpeg,1
48a9b298,ai_medium_1_x2.png,4
48a9b298,ai_high_1_x2.png,4
48a9b298,natural_high_1_x2.jpeg,2
48a9b298,ai_low_3_x4.png,2
48a9b298,natural_medium_2_x2.jpeg,2
48a9b298,cgi_medium_2_x2.jpg,4
48a9b298,cgi_medium_1_x2.jpeg,3
48a9b298,natural_medium_3_x4.jpeg,2
48a9b298,natural_high_3_x4.jpeg,1
48a9b298,natural_low_1_x4.jpeg,1
48a9b298,cgi_low_3_x2.png,3
18de0593,ai_high_2_x2.png,5
18de0593,ai_high_1_x4.png,3
18de0593,ai_medium_1_x4.png,2
18de0593,cgi_low_2_x2.jpg,4
18de0593,cgi_high_2_x4.jpg,1
18de0593,natural_medium_1_x4.jpeg,1
18de0593,cgi_high_3_x2.jpg,3
18de0593,cgi_medium_2_x4.jpg,2
18de0593,natural_high_3_x4.jpeg,1
18de0593,cgi_medium_1_x4.jpeg,2
18de0593,natural_medium_1_x2.jpeg,4
18de0593,ai_low_2_x2.png,5
18de0593,natural_low_2_x4.jpg,3
18de0593,cgi_medium_1_x2.jpeg,4
18de0593,cgi_low_1_x2.jpg,4
18de0593,cgi_high_3_x4.jpg,1
18de0593,ai_high_3_x2.png,5
18de0593,natural_low_1_x2.jpeg,4
18de0593,ai_high_2_x4.png,2
18de0593,ai_high_1_x2.png,5
18de0593,natural_medium_2_x4.jpeg,2
18de0593,natural_high_1_x4.jpeg,2
18de0593,cgi_high_1_x2.jpeg,4
18de0593,natural_low_1_x4.jpeg,2
18de0593,cgi_low_1_x4.jpg,2
18de0593,ai_medium_2_x4.png,2
18de0593,ai_medium_3_x2.png,5
18de0593,cgi_low_2_x4.jpg,2
18de0593,natural_low_3_x2.jpg,4
18de0593,natural_high_3_x2.jpeg,4
18de0593,natural_low_2_x2.jpg,5
18de0593,natural_high_1_x2.jpeg,4
18de0593,natural_medium_2_x2.jpeg,5
18de0593,cgi_low_3_x4.png,1
18de0593,natural_medium_3_x4.jpeg,1
18de0593,cgi_medium_3_x4.jpg,1
18de0593,cgi_medium_3_x2.jpg,5
18de0593,natural_high_2_x4.jpeg,2
18de0593,ai_medium_2_x2.png,4
18de0593,natural_high_2_x2.jpeg,5
18de0593,ai_low_1_x2.png,4
18de0593,cgi_medium_2_x2.jpg,5
18de0593,cgi_high_1_x4.jpeg,2
18de0593,ai_low_3_x2.png,5
18de0593,ai_medium_1_x2.png,5
18de0593,ai_medium_3_x4.png,2
18de0593,natural_medium_3_x2.jpeg,4
18de0593,cgi_low_3_x2.png,4
18de0593,ai_low_1_x4.png,2
18de0593,cgi_high_2_x2.jpg,3
18de0593,ai_low_3_x4.png,2
18de0593,ai_high_3_x4.png,2
18de0593,natural_low_3_x4.jpg,2
18de0593,ai_low_2_x4.png,3
86b9f945,cgi_low_2_x2.jpg,4
86b9f945,natural_medium_3_x2.jpeg,3
86b9f945,ai_low_3_x2.png,3
86b9f945,cgi_high_1_x4.jpeg,2
86b9f945,natural_medium_3_x4.jpeg,2
86b9f945,cgi_medium_3_x4.jpg,2
86b9f945,natural_high_2_x2.jpeg,3
86b9f945,natural_high_1_x2.jpeg,4
86b9f945,natural_high_1_x4.jpeg,2
86b9f945,ai_low_2_x2.png,4
86b9f945,natural_low_3_x4.jpg,3
86b9f945,cgi_medium_2_x4.jpg,2
86b9f945,cgi_high_3_x4.jpg,2
86b9f945,cgi_medium_3_x2.jpg,3
86b9f945,natural_low_2_x2.jpg,5
86b9f945,cgi_high_2_x2.jpg,5
86b9f945,ai_low_3_x4.png,2
86b9f945,natural_medium_2_x4.jpeg,1
86b9f945,ai_low_2_x4.png,3
86b9f945,cgi_low_1_x4.jpg,2
86b9f945,ai_medium_3_x2.png,4
86b9f945,cgi_low_3_x2.png,3
86b9f945,ai_high_2_x4.png,2
86b9f945,natural_low_3_x2.jpg,5
86b9f945,ai_high_1_x4.png,2
86b9f945,ai_high_1_x2.png,5
86b9f945,ai_high_3_x4.png,3
86b9f945,natural_medium_1_x2.jpeg,4
86b9f945,cgi_medium_1_x4.jpeg,2
86b9f945,natural_low_2_x4.jpg,2
86b9f945,ai_medium_3_x4.png,2
86b9f945,cgi_low_1_x2.jpg,4
86b9f945,ai_medium_2_x2.png,4
86b9f945,natural_high_2_x4.jpeg,2
86b9f945,cgi_high_3_x2.jpg,5
86b9f945,cgi_high_2_x4.jpg,2
86b9f945,natural_medium_2_x2.jpeg,4
86b9f945,cgi_low_2_x4.jpg,2
86b9f945,ai_low_1_x2.png,4
86b9f945,cgi_medium_1_x2.jpeg,3
86b9f945,natural_high_3_x2.jpeg,3
86b9f945,ai_high_2_x2.png,4
86b9f945,cgi_high_1_x2.jpeg,4
86b9f945,ai_low_1_x4.png,3
86b9f945,natural_low_1_x4.jpeg,1
86b9f945,ai_medium_2_x4.png,2
86b9f945,natural_high_3_x4.jpeg,2
86b9f945,ai_medium_1_x4.png,3
86b9f945,natural_medium_1_x4.jpeg,2
86b9f945,ai_medium_1_x2.png,4
86b9f945,ai_high_3_x2.png,4
86b9f945,cgi_low_3_x4.png,2
86b9f945,cgi_medium_2_x2.jpg,5
86b9f945,natural_low_1_x2.jpeg,4
c10176a0,ai_low_2_x2.png,4
c10176a0,cgi_high_2_x2.jpg,4
c10176a0,natural_low_3_x4.jpg,2
c10176a0,ai_high_1_x4.png,3
c10176a0,natural_low_2_x2.jpg,4
37dd76de,natural_medium_2_x4.jpeg,3
37dd76de,ai_medium_3_x4.png,4
37dd76de,cgi_low_3_x2.png,4
37dd76de,natural_high_3_x4.jpeg,1
37dd76de,cgi_medium_3_x4.jpg,2
37dd76de,natural_high_3_x2.jpeg,4
37dd76de,ai_medium_2_x2.png,5
37dd76de,cgi_low_1_x2.jpg,5
37dd76de,ai_high_2_x2.png,5
37dd76de,cgi_low_2_x2.jpg,5
37dd76de,ai_medium_3_x2.png,5
37dd76de,cgi_medium_1_x4.jpeg,2
37dd76de,cgi_high_3_x2.jpg,3
37dd76de,ai_medium_2_x4.png,2
37dd76de,cgi_low_1_x4.jpg,1
37dd76de,natural_high_2_x4.jpeg,1
37dd76de,natural_medium_2_x2.jpeg,4
37dd76de,cgi_high_3_x4.jpg,1
37dd76de,natural_low_3_x2.jpg,2
37dd76de,natural_low_1_x4.jpeg,2
37dd76de,ai_low_2_x4.png,4
37dd76de,ai_low_1_x4.png,4
37dd76de,ai_high_1_x4.png,4
37dd76de,natural_medium_1_x2.jpeg,5
37dd76de,cgi_medium_1_x2.jpeg,5
37dd76de,ai_low_1_x2.png,5
37dd76de,natural_low_1_x2.jpeg,5
37dd76de,ai_low_2_x2.png,5
37dd76de,cgi_medium_2_x2.jpg,4
37dd76de,cgi_high_2_x2.jpg,3
37dd76de,ai_high_3_x4.png,3
37dd76de,ai_high_3_x2.png,5
37dd76de,natural_low_3_x4.jpg,3
37dd76de,natural_low_2_x4.jpg,2
37dd76de,cgi_high_1_x4.jpeg,2
37dd76de,cgi_medium_3_x2.jpg,3
37dd76de,natural_medium_1_x4.jpeg,2
37dd76de,cgi_high_1_x2.jpeg,4
37dd76de,natural_medium_3_x4.jpeg,3
37dd76de,ai_high_1_x2.png,5
37dd76de,natural_high_2_x2.jpeg,4
37dd76de,cgi_medium_2_x4.jpg,2
37dd76de,cgi_high_2_x4.jpg,1
37dd76de,ai_high_2_x4.png,2
37dd76de,cgi_low_2_x4.jpg,2
37dd76de,ai_medium_1_x2.png,5
37dd76de,ai_low_3_x4.png,3
37dd76de,cgi_low_3_x4.png,2
37dd76de,natural_low_2_x2.jpg,4
37dd76de,natural_medium_3_x2.jpeg,4
37dd76de,natural_high_1_x2.jpeg,3
37dd76de,ai_low_3_x2.png,5
37dd76de,natural_high_1_x4.jpeg,1
37dd76de,ai_medium_1_x4.png,2
e5fe38db,cgi_medium_3_x2.jpg,4
e5fe38db,natural_high_3_x4.jpeg,2
e5fe38db,natural_high_3_x2.jpeg,4
e5fe38db,ai_high_3_x4.png,3
e5fe38db,natural_low_3_x2.jpg,4
e5fe38db,natural_low_2_x2.jpg,4
e5fe38db,cgi_high_2_x4.jpg,3
e5fe38db,cgi_low_2_x4.jpg,3
e5fe38db,cgi_high_3_x2.jpg,5
e5fe38db,natural_medium_3_x2.jpeg,5
e5fe38db,ai_low_2_x2.png,5
e5fe38db,cgi_low_3_x4.png,3
e5fe38db,ai_low_3_x2.png,5
e5fe38db,natural_high_2_x4.jpeg,2
e5fe38db,ai_medium_1_x2.png,4
e5fe38db,cgi_medium_1_x4.jpeg,2
e5fe38db,cgi_low_1_x4.jpg,1
e5fe38db,cgi_low_2_x2.jpg,5
e5fe38db,natural_medium_2_x2.jpeg,4
e5fe38db,ai_high_2_x2.png,4
e5fe38db,cgi_medium_1_x2.jpeg,5
e5fe38db,natural_high_1_x4.jpeg,2
e5fe38db,ai_medium_3_x4.png,3
e5fe38db,ai_low_1_x2.png,5
e5fe38db,ai_medium_1_x4.png,2
e5fe38db,cgi_high_3_x4.jpg,2
e5fe38db,ai_high_2_x4.png,1
e5fe38db,ai_high_1_x2.png,4
e5fe38db,natural_medium_2_x4.jpeg,2
e5fe38db,natural_high_2_x2.jpeg,4
e5fe38db,ai_medium_3_x2.png,5
e5fe38db,ai_medium_2_x2.png,5
e5fe38db,ai_low_3_x4.png,3
e5fe38db,ai_low_1_x4.png,3
e5fe38db,natural_low_3_x4.jpg,3
e5fe38db,natural_medium_1_x4.jpeg,2
e5fe38db,cgi_high_1_x4.jpeg,1
e5fe38db,cgi_low_3_x2.png,4
e5fe38db,cgi_high_2_x2.jpg,5
e5fe38db,natural_medium_3_x4.jpeg,2
e5fe38db,cgi_medium_2_x4.jpg,2
e5fe38db,cgi_medium_3_x4.jpg,1
e5fe38db,cgi_high_1_x2.jpeg,3
e5fe38db,ai_medium_2_x4.png,2
e5fe38db,cgi_medium_2_x2.jpg,5
e5fe38db,natural_low_1_x2.jpeg,3
e5fe38db,natural_medium_1_x2.jpeg,4
e5fe38db,cgi_low_1_x2.jpg,5
e5fe38db,natural_high_1_x2.jpeg,3
e5fe38db,ai_high_1_x4.png,1
e5fe38db,natural_low_2_x4.jpg,2
e5fe38db,ai_low_2_x4.png,3
e5fe38db,ai_high_3_x2.png,4
e5fe38db,natural_low_1_x4.jpeg,1
c88e8dea,cgi_high_1_x2.jpeg,2
c88e8dea,ai_medium_3_x4.png,2
c88e8dea,natural_medium_2_x4.jpeg,1
c88e8dea,cgi_low_3_x2.png,5
c88e8dea,ai_high_2_x4.png,1
c88e8dea,cgi_medium_3_x4.jpg,1
c88e8dea,natural_high_2_x4.jpeg,1
c88e8dea,natural_high_1_x4.jpeg,1
c88e8dea,natural_low_1_x2.jpeg,5
c88e8dea,ai_low_2_x4.png,3
c88e8dea,ai_high_3_x2.png,5
c88e8dea,ai_low_3_x4.png,3
c88e8dea,natural_high_2_x2.jpeg,5
c88e8dea,ai_low_3_x2.png,5
c88e8dea,ai_high_1_x4.png,3
c88e8dea,natural_low_1_x4.jpeg,2
c88e8dea,natural_medium_3_x4.jpeg,3
c88e8dea,ai_high_2_x2.png,4
c88e8dea,natural_medium_1_x4.jpeg,3
c88e8dea,ai_low_2_x2.png,5
c88e8dea,natural_high_3_x4.jpeg,2
c88e8dea,cgi_low_1_x2.jpg,4
c88e8dea,natural_high_3_x2.jpeg,4
c88e8dea,natural_low_2_x4.jpg,3
c88e8dea,cgi_medium_2_x2.jpg,3
c88e8dea,cgi_high_2_x2.jpg,4
c88e8dea,cgi_high_2_x4.jpg,4
c88e8dea,natural_low_3_x4.jpg,2
c88e8dea,natural_high_1_x2.jpeg,3
c88e8dea,cgi_high_3_x2.jpg,3
c88e8dea,natural_medium_2_x2.jpeg,3
c88e8dea,cgi_medium_1_x2.jpeg,4
c88e8dea,natural_medium_3_x2.jpeg,5
c88e8dea,ai_low_1_x4.png,3
c88e8dea,natural_low_2_x2.jpg,5
c88e8dea,cgi_high_1_x4.jpeg,3
c88e8dea,natural_medium_1_x2.jpeg,4
c88e8dea,ai_medium_2_x2.png,5
c88e8dea,cgi_medium_1_x4.jpeg,2
c88e8dea,cgi_low_2_x2.jpg,2
c88e8dea,natural_low_3_x2.jpg,3
c88e8dea,ai_high_1_x2.png,5
c88e8dea,ai_medium_2_x4.png,2
c88e8dea,ai_medium_1_x2.png,4
c88e8dea,cgi_low_2_x4.jpg,2
c88e8dea,ai_medium_3_x2.png,3
c88e8dea,cgi_high_3_x4.jpg,2
c88e8dea,ai_low_1_x2.png,5
c88e8dea,cgi_low_3_x4.png,2
c88e8dea,cgi_medium_2_x4.jpg,2
c88e8dea,cgi_medium_3_x2.jpg,3
c88e8dea,ai_medium_1_x4.png,2
c88e8dea,ai_high_3_x4.png,2
c88e8dea,cgi_low_1_x4.jpg,3
0bb12f2a,natural_high_1_x2.jpeg,3
0bb12f2a,ai_medium_3_x4.png,2
0bb12f2a,cgi_low_1_x2.jpg,2
0bb12f2a,ai_high_2_x4.png,1
0bb12f2a,natural_high_1_x4.jpeg,1
0bb12f2a,cgi_low_1_x4.jpg,1
0bb12f2a,natural_low_1_x4.jpeg,2
0bb12f2a,natural_medium_1_x4.jpeg,1
0bb12f2a,ai_high_1_x4.png,2
0bb12f2a,cgi_high_1_x4.jpeg,1
0bb12f2a,natural_medium_2_x2.jpeg,4
0bb12f2a,natural_low_3_x4.jpg,3
0bb12f2a,natural_high_3_x2.jpeg,4
0bb12f2a,ai_medium_2_x4.png,2
0bb12f2a,natural_high_3_x4.jpeg,1
0bb12f2a,cgi_low_2_x4.jpg,2
0bb12f2a,ai_medium_2_x2.png,5
0bb12f2a,natural_medium_2_x4.jpeg,2
0bb12f2a,ai_medium_3_x2.png,4
0bb12f2a,cgi_low_3_x2.png,3
0bb12f2a,natural_medium_3_x2.jpeg,4
0bb12f2a,ai_medium_1_x4.png,2
0bb12f2a,cgi_high_3_x4.jpg,1
0bb12f2a,ai_high_3_x2.png,3
0bb12f2a,ai_high_3_x4.png,1
0bb12f2a,natural_low_3_x2.jpg,4
0bb12f2a,cgi_medium_1_x2.jpeg,4
0bb12f2a,ai_low_2_x2.png,5
0bb12f2a,ai_low_3_x2.png,5
0bb12f2a,ai_high_2_x2.png,4
6c3f54a4,ai_low_1_x2.png,3
0bb12f2a,ai_high_1_x2.png,4
6c3f54a4,ai_medium_1_x4.png,2
0bb12f2a,natural_low_2_x4.jpg,2
6c3f54a4,cgi_high_2_x2.jpg,4
6c3f54a4,ai_low_3_x2.png,3
0bb12f2a,cgi_high_2_x2.jpg,2
6c3f54a4,cgi_medium_3_x4.jpg,1
6c3f54a4,natural_low_3_x4.jpg,2
0bb12f2a,natural_high_2_x2.jpeg,3
0bb12f2a,cgi_low_3_x4.png,1
6c3f54a4,natural_medium_1_x2.jpeg,3
6c3f54a4,natural_high_2_x4.jpeg,1
6c3f54a4,natural_low_1_x2.jpeg,3
6c3f54a4,natural_medium_3_x4.jpeg,1
0bb12f2a,cgi_medium_2_x4.jpg,2
6c3f54a4,natural_high_1_x2.jpeg,4
0bb12f2a,natural_low_2_x2.jpg,5
6c3f54a4,cgi_high_3_x2.jpg,4
0bb12f2a,cgi_medium_1_x4.jpeg,1
6c3f54a4,ai_medium_2_x2.png,2
6c3f54a4,cgi_low_2_x2.jpg,3
0bb12f2a,cgi_medium_3_x4.jpg,1
6c3f54a4,ai_low_3_x4.png,2
6c3f54a4,cgi_medium_2_x4.jpg,2
6c3f54a4,ai_low_2_x2.png,2
6c3f54a4,natural_low_3_x2.jpg,1
6c3f54a4,ai_high_2_x4.png,2
6c3f54a4,natural_low_2_x2.jpg,3
0bb12f2a,natural_medium_1_x2.jpeg,4
6c3f54a4,natural_high_2_x2.jpeg,2
6c3f54a4,cgi_high_1_x4.jpeg,1
0bb12f2a,ai_low_2_x4.png,3
6c3f54a4,ai_medium_2_x4.png,2
0bb12f2a,cgi_low_2_x2.jpg,4
6c3f54a4,natural_high_1_x4.jpeg,2
6c3f54a4,cgi_low_2_x4.jpg,2
6c3f54a4,cgi_medium_1_x2.jpeg,3
0bb12f2a,cgi_high_3_x2.jpg,3
6c3f54a4,cgi_medium_3_x2.jpg,4
0bb12f2a,cgi_medium_3_x2.jpg,3
6c3f54a4,natural_high_3_x2.jpeg,4
0bb12f2a,natural_medium_3_x4.jpeg,1
6c3f54a4,cgi_medium_1_x4.jpeg,1
0bb12f2a,natural_high_2_x4.jpeg,1
6c3f54a4,ai_high_2_x2.png,4
0bb12f2a,cgi_high_2_x4.jpg,1
6c3f54a4,cgi_low_1_x2.jpg,4
6c3f54a4,natural_medium_1_x4.jpeg,2
0bb12f2a,ai_medium_1_x2.png,3
6c3f54a4,natural_medium_2_x4.jpeg,1
0bb12f2a,ai_low_3_x4.png,2
6c3f54a4,cgi_medium_2_x2.jpg,4
6c3f54a4,ai_low_1_x4.png,2
0bb12f2a,natural_low_1_x2.jpeg,5
6c3f54a4,ai_medium_3_x2.png,3
0bb12f2a,cgi_high_1_x2.jpeg,4
6c3f54a4,ai_medium_3_x4.png,2
0bb12f2a,cgi_medium_2_x2.jpg,4
6c3f54a4,cgi_high_1_x2.jpeg,4
0bb12f2a,ai_low_1_x4.png,2
6c3f54a4,ai_high_3_x2.png,3
6c3f54a4,cgi_low_1_x4.jpg,2
6c3f54a4,ai_high_3_x4.png,1
6c3f54a4,ai_medium_1_x2.png,4
0bb12f2a,ai_low_1_x2.png,5
6c3f54a4,cgi_low_3_x4.png,2
6c3f54a4,natural_low_2_x4.jpg,2
6c3f54a4,ai_low_2_x4.png,2
6c3f54a4,ai_high_1_x2.png,3
6c3f54a4,natural_medium_3_x2.jpeg,4
6c3f54a4,cgi_low_3_x2.png,3
6c3f54a4,natural_medium_2_x2.jpeg,3
6c3f54a4,natural_low_1_x4.jpeg,2
6c3f54a4,natural_high_3_x4.jpeg,1
6c3f54a4,cgi_high_2_x4.jpg,2
6c3f54a4,cgi_high_3_x4.jpg,1
6c3f54a4,ai_high_1_x4.png,2
40754341,ai_low_3_x2.png,4
40754341,natural_low_3_x2.jpg,1
40754341,cgi_medium_1_x2.jpeg,2
40754341,ai_low_3_x4.png,2
40754341,cgi_high_2_x4.jpg,1
40754341,natural_low_3_x4.jpg,1
40754341,natural_medium_1_x4.jpeg,2
40754341,natural_high_1_x2.jpeg,3
40754341,natural_high_2_x2.jpeg,3
40754341,natural_low_2_x4.jpg,3
40754341,ai_high_3_x2.png,4
40754341,cgi_medium_2_x4.jpg,3
40754341,natural_medium_2_x4.jpeg,2
40754341,ai_high_2_x4.png,1
40754341,cgi_low_3_x4.png,1
40754341,natural_high_3_x2.jpeg,4
40754341,natural_medium_1_x2.jpeg,5
40754341,ai_medium_2_x2.png,5
40754341,natural_high_3_x4.jpeg,1
40754341,cgi_low_1_x2.jpg,4
40754341,cgi_high_1_x2.jpeg,4
40754341,ai_medium_3_x4.png,3
40754341,cgi_medium_3_x4.jpg,2
40754341,ai_high_2_x2.png,5
40754341,ai_medium_2_x4.png,2
40754341,natural_medium_3_x2.jpeg,4
40754341,natural_low_2_x2.jpg,4
40754341,natural_high_2_x4.jpeg,2
40754341,natural_medium_3_x4.jpeg,1
40754341,ai_low_1_x2.png,3
40754341,cgi_medium_1_x4.jpeg,1
40754341,cgi_low_3_x2.png,3
40754341,natural_low_1_x2.jpeg,2
40754341,ai_low_2_x4.png,2
40754341,natural_medium_2_x2.jpeg,4
40754341,ai_medium_1_x4.png,3
40754341,cgi_low_2_x4.jpg,2
40754341,ai_low_2_x2.png,4
40754341,ai_medium_1_x2.png,5
40754341,cgi_high_2_x2.jpg,4
40754341,natural_high_1_x4.jpeg,1
40754341,cgi_medium_3_x2.jpg,3
40754341,natural_low_1_x4.jpeg,1
40754341,cgi_high_3_x4.jpg,1
40754341,cgi_high_1_x4.jpeg,1
40754341,ai_low_1_x4.png,1
40754341,cgi_low_1_x4.jpg,1
40754341,ai_high_1_x2.png,3
40754341,cgi_medium_2_x2.jpg,5
40754341,ai_high_1_x4.png,2
40754341,ai_medium_3_x2.png,5
40754341,cgi_high_3_x2.jpg,4
40754341,cgi_low_2_x2.jpg,5
40754341,ai_high_3_x4.png,2
fcceea2c,ai_medium_2_x2.png,4
fcceea2c,natural_high_2_x4.jpeg,1
fcceea2c,natural_medium_3_x4.jpeg,2
fcceea2c,cgi_low_2_x2.jpg,4
fcceea2c,ai_high_1_x2.png,4
fcceea2c,natural_medium_2_x2.jpeg,3
fcceea2c,ai_medium_1_x2.png,2
fcceea2c,ai_medium_3_x4.png,2
fcceea2c,ai_high_3_x4.png,2
fcceea2c,cgi_medium_3_x2.jpg,2
fcceea2c,natural_medium_1_x2.jpeg,3
fcceea2c,ai_high_2_x2.png,4
fcceea2c,ai_low_1_x4.png,4
fcceea2c,natural_high_2_x2.jpeg,3
fcceea2c,ai_high_3_x2.png,4
fcceea2c,natural_low_3_x2.jpg,1
fcceea2c,natural_low_3_x4.jpg,1
fcceea2c,cgi_high_1_x4.jpeg,2
fcceea2c,cgi_high_2_x4.jpg,3
fcceea2c,ai_high_2_x4.png,2
fcceea2c,ai_high_1_x4.png,2
fcceea2c,cgi_high_1_x2.jpeg,3
fcceea2c,cgi_high_2_x2.jpg,5
fcceea2c,natural_high_1_x4.jpeg,1
fcceea2c,natural_low_2_x4.jpg,2
fcceea2c,cgi_medium_2_x2.jpg,5
fcceea2c,natural_high_1_x2.jpeg,3
fcceea2c,natural_medium_3_x2.jpeg,4
fcceea2c,natural_high_3_x4.jpeg,2
fcceea2c,natural_low_1_x2.jpeg,3
fcceea2c,natural_low_1_x4.jpeg,1
fcceea2c,cgi_low_1_x2.jpg,2
fcceea2c,ai_low_2_x2.png,4
fcceea2c,ai_medium_3_x2.png,3
fcceea2c,cgi_medium_1_x2.jpeg,4
fcceea2c,cgi_low_1_x4.jpg,1
fcceea2c,natural_high_3_x2.jpeg,3
fcceea2c,cgi_medium_1_x4.jpeg,2
fcceea2c,natural_medium_2_x4.jpeg,2
fcceea2c,ai_low_2_x4.png,2
fcceea2c,cgi_low_2_x4.jpg,1
fcceea2c,cgi_low_3_x4.png,1
fcceea2c,ai_low_3_x2.png,4
fcceea2c,cgi_high_3_x2.jpg,3
fcceea2c,natural_medium_1_x4.jpeg,2
fcceea2c,ai_low_3_x4.png,2
fcceea2c,cgi_high_3_x4.jpg,1
fcceea2c,cgi_low_3_x2.png,3
fcceea2c,cgi_medium_3_x4.jpg,1
fcceea2c,ai_medium_1_x4.png,2
fcceea2c,cgi_medium_2_x4.jpg,3
fcceea2c,natural_low_2_x2.jpg,2
fcceea2c,ai_low_1_x2.png,4
fcceea2c,ai_medium_2_x4.png,2
f8ba384d,natural_high_3_x2.jpeg,2
f8ba384d,cgi_medium_2_x4.jpg,2
f8ba384d,natural_medium_2_x4.jpeg,2
f8ba384d,natural_medium_2_x2.jpeg,3
f8ba384d,natural_low_3_x4.jpg,2
f8ba384d,ai_medium_1_x4.png,4
f8ba384d,ai_low_1_x4.png,3
f8ba384d,cgi_low_2_x2.jpg,4
f8ba384d,natural_low_1_x4.jpeg,2
f8ba384d,natural_low_2_x2.jpg,4
f8ba384d,ai_high_3_x2.png,5
f8ba384d,cgi_medium_1_x2.jpeg,3
f8ba384d,ai_high_1_x2.png,4
f8ba384d,ai_high_2_x4.png,2
f8ba384d,ai_medium_2_x2.png,4
f8ba384d,ai_high_2_x2.png,4
f8ba384d,natural_medium_3_x2.jpeg,4
f8ba384d,natural_low_2_x4.jpg,3
f8ba384d,cgi_low_3_x2.png,4
f8ba384d,ai_high_1_x4.png,2
f8ba384d,cgi_high_2_x2.jpg,4
f8ba384d,cgi_low_1_x2.jpg,4
f8ba384d,ai_medium_2_x4.png,3
f8ba384d,natural_medium_3_x4.jpeg,2
f8ba384d,cgi_medium_3_x4.jpg,2
f8ba384d,cgi_low_3_x4.png,2
f8ba384d,natural_low_3_x2.jpg,3
f8ba384d,natural_high_1_x4.jpeg,1
f8ba384d,ai_low_2_x2.png,5
f8ba384d,ai_medium_3_x4.png,3
f8ba384d,ai_medium_3_x4.png,3
f8ba384d,natural_high_2_x4.jpeg,2
f8ba384d,cgi_high_1_x4.jpeg,2
f8ba384d,cgi_high_3_x2.jpg,5
f8ba384d,cgi_high_1_x2.jpeg,3
f8ba384d,cgi_high_3_x4.jpg,2
f8ba384d,cgi_medium_1_x4.jpeg,2
f8ba384d,ai_low_3_x2.png,5
f8ba384d,cgi_medium_2_x2.jpg,4
f8ba384d,ai_medium_1_x2.png,5
f8ba384d,cgi_low_1_x4.jpg,2
f8ba384d,natural_medium_1_x2.jpeg,4
f8ba384d,ai_medium_3_x2.png,5
f8ba384d,ai_high_3_x4.png,2
f8ba384d,ai_low_3_x4.png,2
f8ba384d,cgi_low_2_x4.jpg,1
f8ba384d,ai_low_2_x4.png,2
f8ba384d,natural_high_2_x2.jpeg,3
f8ba384d,natural_medium_1_x4.jpeg,2
f8ba384d,cgi_medium_3_x2.jpg,3
f8ba384d,natural_high_1_x2.jpeg,3
f8ba384d,natural_low_1_x2.jpeg,4
f8ba384d,cgi_high_2_x4.jpg,1
f8ba384d,natural_high_3_x4.jpeg,1
f8ba384d,ai_low_1_x2.png,5
010495e7,natural_medium_2_x2.jpeg,3
010495e7,cgi_low_1_x4.jpg,1
010495e7,cgi_low_2_x2.jpg,4
010495e7,natural_high_2_x2.jpeg,3
010495e7,natural_medium_1_x2.jpeg,3
010495e7,cgi_high_2_x4.jpg,1
010495e7,cgi_medium_2_x2.jpg,3
010495e7,ai_high_3_x4.png,2
010495e7,ai_medium_3_x4.png,2
010495e7,ai_medium_3_x2.png,4
010495e7,ai_high_1_x4.png,2
010495e7,ai_low_1_x2.png,4
010495e7,ai_high_1_x2.png,4
010495e7,ai_medium_1_x2.png,4
010495e7,ai_medium_2_x4.png,2
010495e7,cgi_low_1_x2.jpg,4
010495e7,cgi_low_3_x4.png,1
010495e7,cgi_medium_1_x4.jpeg,1
010495e7,natural_low_2_x2.jpg,4
010495e7,cgi_high_3_x4.jpg,1
010495e7,natural_high_3_x4.jpeg,1
010495e7,ai_low_2_x2.png,4
010495e7,ai_medium_2_x2.png,4
010495e7,natural_high_2_x4.jpeg,1
010495e7,ai_low_3_x2.png,5
010495e7,natural_high_1_x2.jpeg,3
010495e7,natural_medium_3_x4.jpeg,2
010495e7,ai_high_2_x4.png,1
010495e7,ai_medium_1_x4.png,2
010495e7,cgi_high_1_x4.jpeg,2
010495e7,ai_low_2_x4.png,3
010495e7,cgi_high_2_x2.jpg,4
010495e7,ai_low_1_x4.png,2
010495e7,cgi_medium_3_x4.jpg,2
010495e7,natural_medium_3_x2.jpeg,4
010495e7,ai_high_3_x2.png,4
010495e7,natural_medium_1_x4.jpeg,2
010495e7,natural_low_1_x4.jpeg,1
010495e7,cgi_high_3_x2.jpg,3
010495e7,natural_low_2_x4.jpg,2
010495e7,natural_high_3_x2.jpeg,3
010495e7,ai_high_2_x2.png,3
010495e7,cgi_high_1_x2.jpeg,3
010495e7,cgi_medium_3_x2.jpg,2
010495e7,natural_high_1_x4.jpeg,1
010495e7,natural_low_3_x4.jpg,1
010495e7,cgi_low_2_x4.jpg,1
010495e7,ai_low_3_x4.png,2
010495e7,natural_low_1_x2.jpeg,4
010495e7,natural_medium_2_x4.jpeg,1
010495e7,cgi_low_3_x2.png,4
010495e7,cgi_medium_1_x2.jpeg,3
010495e7,natural_low_3_x2.jpg,2
010495e7,cgi_medium_2_x4.jpg,1